"","PV","ID","GNI","Country"
"1","p1","Panama_1990","H","Panama"
"2","p1","Seychelles_1990","H","Seychelles"
"3","p1","Turks and Caicos Islands_1990","H","Turks and Caicos Islands"
"4","p1","Panama_1991","H","Panama"
"5","p1","Seychelles_1991","H","Seychelles"
"6","p1","Turks and Caicos Islands_1991","H","Turks and Caicos Islands"
"7","p1","Panama_1992","H","Panama"
"8","p1","Seychelles_1992","H","Seychelles"
"9","p1","Panama_1993","H","Panama"
"10","p1","Panama_1994","H","Panama"
"11","p1","Seychelles_1994","H","Seychelles"
"12","p1","Panama_1995","H","Panama"
"13","p1","Panama_1996","H","Panama"
"14","p1","Panama_1997","H","Panama"
"15","p1","Panama_1998","H","Panama"
"16","p1","Panama_1999","H","Panama"
"17","p1","Panama_2000","H","Panama"
"18","p1","Panama_2001","H","Panama"
"19","p1","Panama_2002","H","Panama"
"20","p1","Panama_2003","H","Panama"
"21","p1","Panama_2004","H","Panama"
"22","p1","Panama_2005","H","Panama"
"23","p1","Panama_2006","H","Panama"
"24","p1","Panama_2007","H","Panama"
"25","p1","Panama_2008","H","Panama"
"26","p1","Panama_2009","H","Panama"
"27","p1","Panama_2010","H","Panama"
"28","p1","Panama_2011","H","Panama"
"29","p1","Panama_2012","H","Panama"
"30","p1","Panama_2013","H","Panama"
"31","p2","St. Kitts and Nevis_1990","H","St. Kitts and Nevis"
"32","p2","Panama_1990","H","Panama"
"33","p2","Seychelles_1990","H","Seychelles"
"34","p2","St. Kitts and Nevis_1991","H","St. Kitts and Nevis"
"35","p2","Panama_1991","H","Panama"
"36","p2","St. Kitts and Nevis_1992","H","St. Kitts and Nevis"
"37","p2","Panama_1992","H","Panama"
"38","p2","Panama_1993","H","Panama"
"39","p3","St. Kitts and Nevis_1990","H","St. Kitts and Nevis"
"40","p3","Nauru_1990","H","Nauru"
"41","p3","Seychelles_1990","H","Seychelles"
"42","p3","Turks and Caicos Islands_1990","H","Turks and Caicos Islands"
"43","p3","St. Kitts and Nevis_1991","H","St. Kitts and Nevis"
"44","p3","Nauru_1991","H","Nauru"
"45","p3","Seychelles_1991","H","Seychelles"
"46","p3","Turks and Caicos Islands_1991","H","Turks and Caicos Islands"
"47","p3","St. Kitts and Nevis_1992","H","St. Kitts and Nevis"
"48","p3","Nauru_1992","H","Nauru"
"49","p3","Turks and Caicos Islands_1992","H","Turks and Caicos Islands"
"50","p3","St. Kitts and Nevis_1993","H","St. Kitts and Nevis"
"51","p3","Nauru_1993","H","Nauru"
"52","p3","Turks and Caicos Islands_1993","H","Turks and Caicos Islands"
"53","p3","St. Kitts and Nevis_1994","H","St. Kitts and Nevis"
"54","p3","Nauru_1994","H","Nauru"
"55","p3","Turks and Caicos Islands_1994","H","Turks and Caicos Islands"
"56","p3","St. Kitts and Nevis_1995","H","St. Kitts and Nevis"
"57","p3","Nauru_1995","H","Nauru"
"58","p3","Turks and Caicos Islands_1995","H","Turks and Caicos Islands"
"59","p3","St. Kitts and Nevis_1996","H","St. Kitts and Nevis"
"60","p3","Nauru_1996","H","Nauru"
"61","p3","Turks and Caicos Islands_1996","H","Turks and Caicos Islands"
"62","p3","St. Kitts and Nevis_1997","H","St. Kitts and Nevis"
"63","p3","Nauru_1997","H","Nauru"
"64","p3","Turks and Caicos Islands_1997","H","Turks and Caicos Islands"
"65","p3","St. Kitts and Nevis_1998","H","St. Kitts and Nevis"
"66","p3","Nauru_1998","H","Nauru"
"67","p3","Turks and Caicos Islands_1998","H","Turks and Caicos Islands"
"68","p3","St. Kitts and Nevis_1999","H","St. Kitts and Nevis"
"69","p3","Nauru_1999","H","Nauru"
"70","p3","Turks and Caicos Islands_1999","H","Turks and Caicos Islands"
"71","p3","St. Kitts and Nevis_2000","H","St. Kitts and Nevis"
"72","p3","Nauru_2000","H","Nauru"
"73","p3","Turks and Caicos Islands_2000","H","Turks and Caicos Islands"
"74","p3","Nauru_2001","H","Nauru"
"75","p3","Turks and Caicos Islands_2001","H","Turks and Caicos Islands"
"76","p3","Nauru_2002","H","Nauru"
"77","p3","Turks and Caicos Islands_2002","H","Turks and Caicos Islands"
"78","p3","Nauru_2003","H","Nauru"
"79","p3","Turks and Caicos Islands_2003","H","Turks and Caicos Islands"
"80","p3","Nauru_2004","H","Nauru"
"81","p3","Nauru_2005","H","Nauru"
"82","p3","Nauru_2006","H","Nauru"
"83","p3","Nauru_2007","H","Nauru"
"84","p3","Nauru_2008","H","Nauru"
"85","p3","Nauru_2009","H","Nauru"
"86","p3","Nauru_2010","H","Nauru"
"87","p3","Nauru_2011","H","Nauru"
"88","p3","Nauru_2012","H","Nauru"
"89","p3","Nauru_2013","H","Nauru"
"90","p3","Nauru_2014","H","Nauru"
"91","p3","Nauru_2015","H","Nauru"
"92","p3","Nauru_2016","H","Nauru"
"93","p3","Nauru_2017","H","Nauru"
"94","p3","Nauru_2018","H","Nauru"
"95","p3","Nauru_2019","H","Nauru"
"96","p4","Nauru_1990","H","Nauru"
"97","p4","Turks and Caicos Islands_1990","H","Turks and Caicos Islands"
"98","p4","Nauru_1991","H","Nauru"
"99","p4","Turks and Caicos Islands_1991","H","Turks and Caicos Islands"
"100","p4","Nauru_1992","H","Nauru"
"101","p4","Nauru_1993","H","Nauru"
"102","p4","Nauru_1994","H","Nauru"
"103","p4","Nauru_1995","H","Nauru"
"104","p4","Nauru_1996","H","Nauru"
"105","p4","Nauru_1997","H","Nauru"
"106","p4","Nauru_1998","H","Nauru"
"107","p4","Nauru_1999","H","Nauru"
"108","p4","Nauru_2000","H","Nauru"
"109","p4","Nauru_2001","H","Nauru"
"110","p4","Nauru_2002","H","Nauru"
"111","p4","Nauru_2003","H","Nauru"
"112","p4","Nauru_2004","H","Nauru"
"113","p4","Nauru_2005","H","Nauru"
"114","p4","Nauru_2006","H","Nauru"
"115","p4","Nauru_2007","H","Nauru"
"116","p4","Nauru_2008","H","Nauru"
"117","p4","Nauru_2009","H","Nauru"
"118","p4","Nauru_2010","H","Nauru"
"119","p4","Nauru_2011","H","Nauru"
"120","p4","Nauru_2012","H","Nauru"
"121","p4","Nauru_2013","H","Nauru"
"122","p4","Nauru_2014","H","Nauru"
"123","p4","Nauru_2015","H","Nauru"
"124","p4","Nauru_2016","H","Nauru"
"125","p4","Nauru_2017","H","Nauru"
"126","p4","Nauru_2018","H","Nauru"
"127","p4","Nauru_2019","H","Nauru"
"129","p6","Nauru_1990","H","Nauru"
"130","p6","Panama_1990","H","Panama"
"131","p6","Saudi Arabia_1990","H","Saudi Arabia"
"132","p6","Nauru_1991","H","Nauru"
"133","p6","Panama_1991","H","Panama"
"134","p6","Saudi Arabia_1991","H","Saudi Arabia"
"135","p6","Nauru_1992","H","Nauru"
"136","p6","Saudi Arabia_1992","H","Saudi Arabia"
"137","p6","Nauru_1993","H","Nauru"
"138","p6","Saudi Arabia_1993","H","Saudi Arabia"
"139","p6","Nauru_1994","H","Nauru"
"140","p6","Saudi Arabia_1994","H","Saudi Arabia"
"141","p6","Nauru_1995","H","Nauru"
"142","p6","Saudi Arabia_1995","H","Saudi Arabia"
"143","p6","Nauru_1996","H","Nauru"
"144","p6","Saudi Arabia_1996","H","Saudi Arabia"
"145","p6","Nauru_1997","H","Nauru"
"146","p6","Saudi Arabia_1997","H","Saudi Arabia"
"147","p6","Nauru_1998","H","Nauru"
"148","p6","Saudi Arabia_1998","H","Saudi Arabia"
"149","p6","Nauru_1999","H","Nauru"
"150","p6","Saudi Arabia_1999","H","Saudi Arabia"
"151","p6","Nauru_2000","H","Nauru"
"152","p6","Saudi Arabia_2000","H","Saudi Arabia"
"153","p6","Nauru_2001","H","Nauru"
"154","p6","Saudi Arabia_2001","H","Saudi Arabia"
"155","p6","Nauru_2002","H","Nauru"
"156","p6","Nauru_2003","H","Nauru"
"157","p6","Nauru_2004","H","Nauru"
"158","p6","Nauru_2005","H","Nauru"
"159","p6","Nauru_2006","H","Nauru"
"160","p6","Nauru_2007","H","Nauru"
"161","p6","Nauru_2008","H","Nauru"
"162","p6","Nauru_2009","H","Nauru"
"163","p6","Nauru_2010","H","Nauru"
"164","p6","Nauru_2011","H","Nauru"
"165","p6","Nauru_2012","H","Nauru"
"166","p6","Nauru_2013","H","Nauru"
"167","p6","Nauru_2014","H","Nauru"
"168","p6","Nauru_2015","H","Nauru"
"169","p6","Nauru_2016","H","Nauru"
"170","p6","Nauru_2017","H","Nauru"
"171","p6","Nauru_2018","H","Nauru"
"172","p6","Nauru_2019","H","Nauru"
"173","p1","Namibia_1990","UM","Namibia"
"174","p1","Namibia_1991","UM","Namibia"
"175","p1","Namibia_1992","UM","Namibia"
"176","p1","Namibia_1993","UM","Namibia"
"177","p1","Namibia_1994","UM","Namibia"
"178","p1","Namibia_1995","UM","Namibia"
"179","p1","Namibia_1996","UM","Namibia"
"180","p1","Namibia_1997","UM","Namibia"
"181","p1","Namibia_1998","UM","Namibia"
"182","p1","Namibia_1999","UM","Namibia"
"183","p1","Namibia_2000","UM","Namibia"
"184","p1","Namibia_2001","UM","Namibia"
"185","p1","Namibia_2002","UM","Namibia"
"186","p1","Namibia_2003","UM","Namibia"
"187","p1","Namibia_2004","UM","Namibia"
"188","p1","Namibia_2005","UM","Namibia"
"189","p1","Namibia_2006","UM","Namibia"
"190","p1","Namibia_2007","UM","Namibia"
"191","p1","Namibia_2008","UM","Namibia"
"192","p1","Namibia_2009","UM","Namibia"
"193","p1","Namibia_2010","UM","Namibia"
"194","p1","Namibia_2011","UM","Namibia"
"195","p1","Namibia_2012","UM","Namibia"
"196","p1","Namibia_2013","UM","Namibia"
"197","p1","Namibia_2014","UM","Namibia"
"198","p1","Namibia_2015","UM","Namibia"
"199","p1","Namibia_2016","UM","Namibia"
"200","p1","Namibia_2017","UM","Namibia"
"201","p1","Namibia_2018","UM","Namibia"
"202","p1","Namibia_2019","UM","Namibia"
"203","p2","Equatorial Guinea_1990","UM","Equatorial Guinea"
"204","p2","Equatorial Guinea_1991","UM","Equatorial Guinea"
"205","p2","Equatorial Guinea_1992","UM","Equatorial Guinea"
"206","p2","Equatorial Guinea_1993","UM","Equatorial Guinea"
"207","p2","Equatorial Guinea_1994","UM","Equatorial Guinea"
"208","p2","Equatorial Guinea_1995","UM","Equatorial Guinea"
"209","p2","Equatorial Guinea_1996","UM","Equatorial Guinea"
"210","p2","Equatorial Guinea_1997","UM","Equatorial Guinea"
"211","p2","Equatorial Guinea_1998","UM","Equatorial Guinea"
"212","p2","Equatorial Guinea_1999","UM","Equatorial Guinea"
"213","p2","Equatorial Guinea_2000","UM","Equatorial Guinea"
"214","p2","Equatorial Guinea_2001","UM","Equatorial Guinea"
"215","p3","Equatorial Guinea_1990","UM","Equatorial Guinea"
"216","p3","Palau_1990","UM","Palau"
"217","p3","Tonga_1990","UM","Tonga"
"218","p3","Tuvalu_1990","UM","Tuvalu"
"219","p3","Equatorial Guinea_1991","UM","Equatorial Guinea"
"220","p3","Palau_1991","UM","Palau"
"221","p3","Tonga_1991","UM","Tonga"
"222","p3","Tuvalu_1991","UM","Tuvalu"
"223","p3","Equatorial Guinea_1992","UM","Equatorial Guinea"
"224","p3","Palau_1992","UM","Palau"
"225","p3","Tonga_1992","UM","Tonga"
"226","p3","Tuvalu_1992","UM","Tuvalu"
"227","p3","Equatorial Guinea_1993","UM","Equatorial Guinea"
"228","p3","Palau_1993","UM","Palau"
"229","p3","Tonga_1993","UM","Tonga"
"230","p3","Tuvalu_1993","UM","Tuvalu"
"231","p3","Equatorial Guinea_1994","UM","Equatorial Guinea"
"232","p3","Palau_1994","UM","Palau"
"233","p3","Tuvalu_1994","UM","Tuvalu"
"234","p3","Equatorial Guinea_1995","UM","Equatorial Guinea"
"235","p3","Palau_1995","UM","Palau"
"236","p3","Tuvalu_1995","UM","Tuvalu"
"237","p3","Palau_1996","UM","Palau"
"238","p3","Tuvalu_1996","UM","Tuvalu"
"239","p3","Palau_1997","UM","Palau"
"240","p3","Tuvalu_1997","UM","Tuvalu"
"241","p3","Palau_1998","UM","Palau"
"242","p3","Tuvalu_1998","UM","Tuvalu"
"243","p3","Palau_1999","UM","Palau"
"244","p3","Tuvalu_1999","UM","Tuvalu"
"245","p3","Palau_2000","UM","Palau"
"246","p3","Tuvalu_2000","UM","Tuvalu"
"247","p3","Tuvalu_2001","UM","Tuvalu"
"248","p3","Tuvalu_2002","UM","Tuvalu"
"249","p3","Tuvalu_2003","UM","Tuvalu"
"250","p3","Tuvalu_2004","UM","Tuvalu"
"251","p3","Tuvalu_2005","UM","Tuvalu"
"252","p3","Tuvalu_2006","UM","Tuvalu"
"253","p3","Tuvalu_2007","UM","Tuvalu"
"254","p3","Tuvalu_2008","UM","Tuvalu"
"255","p3","Tuvalu_2009","UM","Tuvalu"
"256","p3","Tuvalu_2010","UM","Tuvalu"
"257","p3","Tuvalu_2011","UM","Tuvalu"
"258","p3","Tuvalu_2012","UM","Tuvalu"
"259","p3","Tuvalu_2013","UM","Tuvalu"
"260","p3","Tuvalu_2014","UM","Tuvalu"
"261","p3","Tuvalu_2015","UM","Tuvalu"
"262","p3","Tuvalu_2016","UM","Tuvalu"
"263","p3","Tuvalu_2017","UM","Tuvalu"
"264","p3","Tuvalu_2018","UM","Tuvalu"
"265","p3","Tuvalu_2019","UM","Tuvalu"
"266","p4","Equatorial Guinea_1990","UM","Equatorial Guinea"
"267","p4","Palau_1990","UM","Palau"
"268","p4","Tuvalu_1990","UM","Tuvalu"
"269","p4","Palau_1991","UM","Palau"
"270","p4","Tuvalu_1991","UM","Tuvalu"
"271","p4","Tuvalu_1992","UM","Tuvalu"
"272","p4","Tuvalu_1993","UM","Tuvalu"
"273","p4","Tuvalu_1994","UM","Tuvalu"
"274","p4","Tuvalu_1995","UM","Tuvalu"
"275","p4","Tuvalu_1996","UM","Tuvalu"
"276","p4","Tuvalu_1997","UM","Tuvalu"
"277","p4","Tuvalu_1998","UM","Tuvalu"
"278","p4","Tuvalu_1999","UM","Tuvalu"
"279","p4","Tuvalu_2000","UM","Tuvalu"
"280","p4","Tuvalu_2001","UM","Tuvalu"
"281","p4","Tuvalu_2002","UM","Tuvalu"
"282","p4","Tuvalu_2003","UM","Tuvalu"
"283","p4","Tuvalu_2004","UM","Tuvalu"
"284","p4","Tuvalu_2005","UM","Tuvalu"
"285","p4","Tuvalu_2006","UM","Tuvalu"
"286","p4","Tuvalu_2007","UM","Tuvalu"
"287","p4","Tuvalu_2008","UM","Tuvalu"
"288","p4","Tuvalu_2009","UM","Tuvalu"
"289","p4","Tuvalu_2010","UM","Tuvalu"
"290","p4","Tuvalu_2011","UM","Tuvalu"
"291","p4","Tuvalu_2012","UM","Tuvalu"
"292","p4","Tuvalu_2013","UM","Tuvalu"
"293","p4","Tuvalu_2014","UM","Tuvalu"
"294","p4","Tuvalu_2015","UM","Tuvalu"
"295","p4","Tuvalu_2016","UM","Tuvalu"
"296","p4","Tuvalu_2017","UM","Tuvalu"
"297","p4","Tuvalu_2018","UM","Tuvalu"
"298","p4","Tuvalu_2019","UM","Tuvalu"
"299","p5","Argentina_2007","UM","Argentina"
"300","p5","Argentina_2008","UM","Argentina"
"301","p5","Argentina_2009","UM","Argentina"
"302","p5","Argentina_2010","UM","Argentina"
"303","p5","Argentina_2011","UM","Argentina"
"304","p5","Argentina_2012","UM","Argentina"
"305","p5","Argentina_2013","UM","Argentina"
"306","p5","Argentina_2014","UM","Argentina"
"307","p5","Argentina_2015","UM","Argentina"
"308","p5","Argentina_2016","UM","Argentina"
"309","p5","Argentina_2017","UM","Argentina"
"310","p5","Argentina_2018","UM","Argentina"
"311","p5","Argentina_2019","UM","Argentina"
"313","p1","Benin_1990","LM","Benin"
"314","p1","Congo, Rep._1990","LM","Congo, Rep."
"315","p1","Comoros_1990","LM","Comoros"
"316","p1","Lao PDR_1990","LM","Lao PDR"
"317","p1","Lesotho_1990","LM","Lesotho"
"318","p1","Mauritania_1990","LM","Mauritania"
"319","p1","Papua New Guinea_1990","LM","Papua New Guinea"
"320","p1","Solomon Islands_1990","LM","Solomon Islands"
"321","p1","Eswatini_1990","LM","Eswatini"
"322","p1","Timor-Leste_1990","LM","Timor-Leste"
"323","p1","Tanzania_1990","LM","Tanzania"
"324","p1","Vanuatu_1990","LM","Vanuatu"
"325","p1","Benin_1991","LM","Benin"
"326","p1","Congo, Rep._1991","LM","Congo, Rep."
"327","p1","Comoros_1991","LM","Comoros"
"328","p1","Lao PDR_1991","LM","Lao PDR"
"329","p1","Lesotho_1991","LM","Lesotho"
"330","p1","Mauritania_1991","LM","Mauritania"
"331","p1","Papua New Guinea_1991","LM","Papua New Guinea"
"332","p1","Solomon Islands_1991","LM","Solomon Islands"
"333","p1","Eswatini_1991","LM","Eswatini"
"334","p1","Timor-Leste_1991","LM","Timor-Leste"
"335","p1","Tanzania_1991","LM","Tanzania"
"336","p1","Vanuatu_1991","LM","Vanuatu"
"337","p1","Benin_1992","LM","Benin"
"338","p1","Congo, Rep._1992","LM","Congo, Rep."
"339","p1","Comoros_1992","LM","Comoros"
"340","p1","Lao PDR_1992","LM","Lao PDR"
"341","p1","Lesotho_1992","LM","Lesotho"
"342","p1","Mauritania_1992","LM","Mauritania"
"343","p1","Papua New Guinea_1992","LM","Papua New Guinea"
"344","p1","Solomon Islands_1992","LM","Solomon Islands"
"345","p1","Eswatini_1992","LM","Eswatini"
"346","p1","Timor-Leste_1992","LM","Timor-Leste"
"347","p1","Tanzania_1992","LM","Tanzania"
"348","p1","Vanuatu_1992","LM","Vanuatu"
"349","p1","Benin_1993","LM","Benin"
"350","p1","Congo, Rep._1993","LM","Congo, Rep."
"351","p1","Lesotho_1993","LM","Lesotho"
"352","p1","Mauritania_1993","LM","Mauritania"
"353","p1","Papua New Guinea_1993","LM","Papua New Guinea"
"354","p1","Solomon Islands_1993","LM","Solomon Islands"
"355","p1","Eswatini_1993","LM","Eswatini"
"356","p1","Timor-Leste_1993","LM","Timor-Leste"
"357","p1","Tanzania_1993","LM","Tanzania"
"358","p1","Vanuatu_1993","LM","Vanuatu"
"359","p1","Benin_1994","LM","Benin"
"360","p1","Lesotho_1994","LM","Lesotho"
"361","p1","Mauritania_1994","LM","Mauritania"
"362","p1","Papua New Guinea_1994","LM","Papua New Guinea"
"363","p1","Solomon Islands_1994","LM","Solomon Islands"
"364","p1","Eswatini_1994","LM","Eswatini"
"365","p1","Timor-Leste_1994","LM","Timor-Leste"
"366","p1","Tanzania_1994","LM","Tanzania"
"367","p1","Vanuatu_1994","LM","Vanuatu"
"368","p1","Benin_1995","LM","Benin"
"369","p1","Lesotho_1995","LM","Lesotho"
"370","p1","Mauritania_1995","LM","Mauritania"
"371","p1","Papua New Guinea_1995","LM","Papua New Guinea"
"372","p1","Solomon Islands_1995","LM","Solomon Islands"
"373","p1","Eswatini_1995","LM","Eswatini"
"374","p1","Timor-Leste_1995","LM","Timor-Leste"
"375","p1","Tanzania_1995","LM","Tanzania"
"376","p1","Vanuatu_1995","LM","Vanuatu"
"377","p1","Benin_1996","LM","Benin"
"378","p1","Lesotho_1996","LM","Lesotho"
"379","p1","Mauritania_1996","LM","Mauritania"
"380","p1","Papua New Guinea_1996","LM","Papua New Guinea"
"381","p1","Solomon Islands_1996","LM","Solomon Islands"
"382","p1","Eswatini_1996","LM","Eswatini"
"383","p1","Timor-Leste_1996","LM","Timor-Leste"
"384","p1","Tanzania_1996","LM","Tanzania"
"385","p1","Vanuatu_1996","LM","Vanuatu"
"386","p1","Benin_1997","LM","Benin"
"387","p1","Lesotho_1997","LM","Lesotho"
"388","p1","Mauritania_1997","LM","Mauritania"
"389","p1","Papua New Guinea_1997","LM","Papua New Guinea"
"390","p1","Solomon Islands_1997","LM","Solomon Islands"
"391","p1","Eswatini_1997","LM","Eswatini"
"392","p1","Timor-Leste_1997","LM","Timor-Leste"
"393","p1","Tanzania_1997","LM","Tanzania"
"394","p1","Vanuatu_1997","LM","Vanuatu"
"395","p1","Benin_1998","LM","Benin"
"396","p1","Lesotho_1998","LM","Lesotho"
"397","p1","Mauritania_1998","LM","Mauritania"
"398","p1","Papua New Guinea_1998","LM","Papua New Guinea"
"399","p1","Solomon Islands_1998","LM","Solomon Islands"
"400","p1","Eswatini_1998","LM","Eswatini"
"401","p1","Timor-Leste_1998","LM","Timor-Leste"
"402","p1","Tanzania_1998","LM","Tanzania"
"403","p1","Vanuatu_1998","LM","Vanuatu"
"404","p1","Benin_1999","LM","Benin"
"405","p1","Lesotho_1999","LM","Lesotho"
"406","p1","Mauritania_1999","LM","Mauritania"
"407","p1","Papua New Guinea_1999","LM","Papua New Guinea"
"408","p1","Solomon Islands_1999","LM","Solomon Islands"
"409","p1","Eswatini_1999","LM","Eswatini"
"410","p1","Timor-Leste_1999","LM","Timor-Leste"
"411","p1","Tanzania_1999","LM","Tanzania"
"412","p1","Vanuatu_1999","LM","Vanuatu"
"413","p1","Benin_2000","LM","Benin"
"414","p1","Lesotho_2000","LM","Lesotho"
"415","p1","Mauritania_2000","LM","Mauritania"
"416","p1","Papua New Guinea_2000","LM","Papua New Guinea"
"417","p1","Solomon Islands_2000","LM","Solomon Islands"
"418","p1","Eswatini_2000","LM","Eswatini"
"419","p1","Timor-Leste_2000","LM","Timor-Leste"
"420","p1","Tanzania_2000","LM","Tanzania"
"421","p1","Benin_2001","LM","Benin"
"422","p1","Lesotho_2001","LM","Lesotho"
"423","p1","Papua New Guinea_2001","LM","Papua New Guinea"
"424","p1","Solomon Islands_2001","LM","Solomon Islands"
"425","p1","Tanzania_2001","LM","Tanzania"
"426","p1","Lesotho_2002","LM","Lesotho"
"427","p1","Mauritania_2002","LM","Mauritania"
"428","p1","Papua New Guinea_2002","LM","Papua New Guinea"
"429","p1","Solomon Islands_2002","LM","Solomon Islands"
"430","p1","Tanzania_2002","LM","Tanzania"
"431","p1","Lesotho_2003","LM","Lesotho"
"432","p1","Papua New Guinea_2003","LM","Papua New Guinea"
"433","p1","Solomon Islands_2003","LM","Solomon Islands"
"434","p1","Tanzania_2003","LM","Tanzania"
"435","p1","Lesotho_2004","LM","Lesotho"
"436","p1","Papua New Guinea_2004","LM","Papua New Guinea"
"437","p1","Solomon Islands_2004","LM","Solomon Islands"
"438","p1","Tanzania_2004","LM","Tanzania"
"439","p1","Lesotho_2005","LM","Lesotho"
"440","p1","Mauritania_2005","LM","Mauritania"
"441","p1","Papua New Guinea_2005","LM","Papua New Guinea"
"442","p1","Solomon Islands_2005","LM","Solomon Islands"
"443","p1","Tanzania_2005","LM","Tanzania"
"444","p1","Lesotho_2006","LM","Lesotho"
"445","p1","Papua New Guinea_2006","LM","Papua New Guinea"
"446","p1","Solomon Islands_2006","LM","Solomon Islands"
"447","p1","Tanzania_2006","LM","Tanzania"
"448","p1","Lesotho_2007","LM","Lesotho"
"449","p1","Solomon Islands_2007","LM","Solomon Islands"
"450","p1","Tanzania_2007","LM","Tanzania"
"451","p1","Lesotho_2008","LM","Lesotho"
"452","p1","Tanzania_2008","LM","Tanzania"
"453","p1","Lesotho_2009","LM","Lesotho"
"454","p1","Papua New Guinea_2009","LM","Papua New Guinea"
"455","p1","Solomon Islands_2009","LM","Solomon Islands"
"456","p1","Tanzania_2009","LM","Tanzania"
"457","p1","Lesotho_2010","LM","Lesotho"
"458","p1","Papua New Guinea_2010","LM","Papua New Guinea"
"459","p1","Tanzania_2010","LM","Tanzania"
"460","p1","Tanzania_2011","LM","Tanzania"
"461","p1","Lesotho_2012","LM","Lesotho"
"462","p1","Tanzania_2012","LM","Tanzania"
"463","p1","Tanzania_2013","LM","Tanzania"
"464","p2","Comoros_1990","LM","Comoros"
"465","p2","Kiribati_1990","LM","Kiribati"
"466","p2","Lesotho_1990","LM","Lesotho"
"467","p2","Timor-Leste_1990","LM","Timor-Leste"
"468","p2","Vanuatu_1990","LM","Vanuatu"
"469","p2","Comoros_1991","LM","Comoros"
"470","p2","Kiribati_1991","LM","Kiribati"
"471","p2","Lesotho_1991","LM","Lesotho"
"472","p2","Solomon Islands_1991","LM","Solomon Islands"
"473","p2","Timor-Leste_1991","LM","Timor-Leste"
"474","p2","Vanuatu_1991","LM","Vanuatu"
"475","p2","Comoros_1992","LM","Comoros"
"476","p2","Kiribati_1992","LM","Kiribati"
"477","p2","Lesotho_1992","LM","Lesotho"
"478","p2","Solomon Islands_1992","LM","Solomon Islands"
"479","p2","Timor-Leste_1992","LM","Timor-Leste"
"480","p2","Vanuatu_1992","LM","Vanuatu"
"481","p2","Comoros_1993","LM","Comoros"
"482","p2","Kiribati_1993","LM","Kiribati"
"483","p2","Lesotho_1993","LM","Lesotho"
"484","p2","Solomon Islands_1993","LM","Solomon Islands"
"485","p2","Timor-Leste_1993","LM","Timor-Leste"
"486","p2","Vanuatu_1993","LM","Vanuatu"
"487","p2","Comoros_1994","LM","Comoros"
"488","p2","Kiribati_1994","LM","Kiribati"
"489","p2","Lesotho_1994","LM","Lesotho"
"490","p2","Solomon Islands_1994","LM","Solomon Islands"
"491","p2","Timor-Leste_1994","LM","Timor-Leste"
"492","p2","Vanuatu_1994","LM","Vanuatu"
"493","p2","Comoros_1995","LM","Comoros"
"494","p2","Kiribati_1995","LM","Kiribati"
"495","p2","Lesotho_1995","LM","Lesotho"
"496","p2","Solomon Islands_1995","LM","Solomon Islands"
"497","p2","Timor-Leste_1995","LM","Timor-Leste"
"498","p2","Vanuatu_1995","LM","Vanuatu"
"499","p2","Comoros_1996","LM","Comoros"
"500","p2","Kiribati_1996","LM","Kiribati"
"501","p2","Lesotho_1996","LM","Lesotho"
"502","p2","Solomon Islands_1996","LM","Solomon Islands"
"503","p2","Timor-Leste_1996","LM","Timor-Leste"
"504","p2","Vanuatu_1996","LM","Vanuatu"
"505","p2","Comoros_1997","LM","Comoros"
"506","p2","Kiribati_1997","LM","Kiribati"
"507","p2","Lesotho_1997","LM","Lesotho"
"508","p2","Solomon Islands_1997","LM","Solomon Islands"
"509","p2","Timor-Leste_1997","LM","Timor-Leste"
"510","p2","Vanuatu_1997","LM","Vanuatu"
"511","p2","Comoros_1998","LM","Comoros"
"512","p2","Kiribati_1998","LM","Kiribati"
"513","p2","Lesotho_1998","LM","Lesotho"
"514","p2","Solomon Islands_1998","LM","Solomon Islands"
"515","p2","Timor-Leste_1998","LM","Timor-Leste"
"516","p2","Vanuatu_1998","LM","Vanuatu"
"517","p2","Comoros_1999","LM","Comoros"
"518","p2","Kiribati_1999","LM","Kiribati"
"519","p2","Lesotho_1999","LM","Lesotho"
"520","p2","Solomon Islands_1999","LM","Solomon Islands"
"521","p2","Timor-Leste_1999","LM","Timor-Leste"
"522","p2","Vanuatu_1999","LM","Vanuatu"
"523","p2","Comoros_2000","LM","Comoros"
"524","p2","Kiribati_2000","LM","Kiribati"
"525","p2","Lesotho_2000","LM","Lesotho"
"526","p2","Solomon Islands_2000","LM","Solomon Islands"
"527","p2","Timor-Leste_2000","LM","Timor-Leste"
"528","p2","Vanuatu_2000","LM","Vanuatu"
"529","p2","Comoros_2001","LM","Comoros"
"530","p2","Kiribati_2001","LM","Kiribati"
"531","p2","Lesotho_2001","LM","Lesotho"
"532","p2","Solomon Islands_2001","LM","Solomon Islands"
"533","p2","Timor-Leste_2001","LM","Timor-Leste"
"534","p2","Vanuatu_2001","LM","Vanuatu"
"535","p2","Comoros_2002","LM","Comoros"
"536","p2","Kiribati_2002","LM","Kiribati"
"537","p2","Lesotho_2002","LM","Lesotho"
"538","p2","Solomon Islands_2002","LM","Solomon Islands"
"539","p2","Timor-Leste_2002","LM","Timor-Leste"
"540","p2","Vanuatu_2002","LM","Vanuatu"
"541","p2","Comoros_2003","LM","Comoros"
"542","p2","Kiribati_2003","LM","Kiribati"
"543","p2","Lesotho_2003","LM","Lesotho"
"544","p2","Solomon Islands_2003","LM","Solomon Islands"
"545","p2","Timor-Leste_2003","LM","Timor-Leste"
"546","p2","Vanuatu_2003","LM","Vanuatu"
"547","p2","Comoros_2004","LM","Comoros"
"548","p2","Kiribati_2004","LM","Kiribati"
"549","p2","Lesotho_2004","LM","Lesotho"
"550","p2","Solomon Islands_2004","LM","Solomon Islands"
"551","p2","Timor-Leste_2004","LM","Timor-Leste"
"552","p2","Vanuatu_2004","LM","Vanuatu"
"553","p2","Comoros_2005","LM","Comoros"
"554","p2","Kiribati_2005","LM","Kiribati"
"555","p2","Lesotho_2005","LM","Lesotho"
"556","p2","Solomon Islands_2005","LM","Solomon Islands"
"557","p2","Timor-Leste_2005","LM","Timor-Leste"
"558","p2","Vanuatu_2005","LM","Vanuatu"
"559","p2","Comoros_2006","LM","Comoros"
"560","p2","Kiribati_2006","LM","Kiribati"
"561","p2","Lesotho_2006","LM","Lesotho"
"562","p2","Solomon Islands_2006","LM","Solomon Islands"
"563","p2","Timor-Leste_2006","LM","Timor-Leste"
"564","p2","Vanuatu_2006","LM","Vanuatu"
"565","p2","Comoros_2007","LM","Comoros"
"566","p2","Kiribati_2007","LM","Kiribati"
"567","p2","Lesotho_2007","LM","Lesotho"
"568","p2","Solomon Islands_2007","LM","Solomon Islands"
"569","p2","Timor-Leste_2007","LM","Timor-Leste"
"570","p2","Vanuatu_2007","LM","Vanuatu"
"571","p2","Comoros_2008","LM","Comoros"
"572","p2","Djibouti_2008","LM","Djibouti"
"573","p2","Kiribati_2008","LM","Kiribati"
"574","p2","Lesotho_2008","LM","Lesotho"
"575","p2","Solomon Islands_2008","LM","Solomon Islands"
"576","p2","Timor-Leste_2008","LM","Timor-Leste"
"577","p2","Vanuatu_2008","LM","Vanuatu"
"578","p2","Comoros_2009","LM","Comoros"
"579","p2","Djibouti_2009","LM","Djibouti"
"580","p2","Kiribati_2009","LM","Kiribati"
"581","p2","Lesotho_2009","LM","Lesotho"
"582","p2","Solomon Islands_2009","LM","Solomon Islands"
"583","p2","Timor-Leste_2009","LM","Timor-Leste"
"584","p2","Vanuatu_2009","LM","Vanuatu"
"585","p2","Comoros_2010","LM","Comoros"
"586","p2","Djibouti_2010","LM","Djibouti"
"587","p2","Kiribati_2010","LM","Kiribati"
"588","p2","Lesotho_2010","LM","Lesotho"
"589","p2","Solomon Islands_2010","LM","Solomon Islands"
"590","p2","Timor-Leste_2010","LM","Timor-Leste"
"591","p2","Vanuatu_2010","LM","Vanuatu"
"592","p2","Comoros_2011","LM","Comoros"
"593","p2","Djibouti_2011","LM","Djibouti"
"594","p2","Kiribati_2011","LM","Kiribati"
"595","p2","Lesotho_2011","LM","Lesotho"
"596","p2","Solomon Islands_2011","LM","Solomon Islands"
"597","p2","Timor-Leste_2011","LM","Timor-Leste"
"598","p2","Vanuatu_2011","LM","Vanuatu"
"599","p2","Comoros_2012","LM","Comoros"
"600","p2","Djibouti_2012","LM","Djibouti"
"601","p2","Kiribati_2012","LM","Kiribati"
"602","p2","Lesotho_2012","LM","Lesotho"
"603","p2","Solomon Islands_2012","LM","Solomon Islands"
"604","p2","Timor-Leste_2012","LM","Timor-Leste"
"605","p2","Vanuatu_2012","LM","Vanuatu"
"606","p2","Comoros_2013","LM","Comoros"
"607","p2","Djibouti_2013","LM","Djibouti"
"608","p2","Kiribati_2013","LM","Kiribati"
"609","p2","Lesotho_2013","LM","Lesotho"
"610","p2","Solomon Islands_2013","LM","Solomon Islands"
"611","p2","Timor-Leste_2013","LM","Timor-Leste"
"612","p2","Vanuatu_2013","LM","Vanuatu"
"613","p2","Comoros_2014","LM","Comoros"
"614","p2","Djibouti_2014","LM","Djibouti"
"615","p2","Kiribati_2014","LM","Kiribati"
"616","p2","Lesotho_2014","LM","Lesotho"
"617","p2","Solomon Islands_2014","LM","Solomon Islands"
"618","p2","Timor-Leste_2014","LM","Timor-Leste"
"619","p2","Vanuatu_2014","LM","Vanuatu"
"620","p2","Comoros_2015","LM","Comoros"
"621","p2","Djibouti_2015","LM","Djibouti"
"622","p2","Kiribati_2015","LM","Kiribati"
"623","p2","Lesotho_2015","LM","Lesotho"
"624","p2","Solomon Islands_2015","LM","Solomon Islands"
"625","p2","Timor-Leste_2015","LM","Timor-Leste"
"626","p2","Vanuatu_2015","LM","Vanuatu"
"627","p2","Comoros_2016","LM","Comoros"
"628","p2","Djibouti_2016","LM","Djibouti"
"629","p2","Kiribati_2016","LM","Kiribati"
"630","p2","Lesotho_2016","LM","Lesotho"
"631","p2","Solomon Islands_2016","LM","Solomon Islands"
"632","p2","Tajikistan_2016","LM","Tajikistan"
"633","p2","Timor-Leste_2016","LM","Timor-Leste"
"634","p2","Vanuatu_2016","LM","Vanuatu"
"635","p2","Comoros_2017","LM","Comoros"
"636","p2","Djibouti_2017","LM","Djibouti"
"637","p2","Iran, Islamic Rep._2017","LM","Iran, Islamic Rep."
"638","p2","Kiribati_2017","LM","Kiribati"
"639","p2","Lesotho_2017","LM","Lesotho"
"640","p2","Solomon Islands_2017","LM","Solomon Islands"
"641","p2","Tajikistan_2017","LM","Tajikistan"
"642","p2","Timor-Leste_2017","LM","Timor-Leste"
"643","p2","Vanuatu_2017","LM","Vanuatu"
"644","p2","Comoros_2018","LM","Comoros"
"645","p2","Djibouti_2018","LM","Djibouti"
"646","p2","Iran, Islamic Rep._2018","LM","Iran, Islamic Rep."
"647","p2","Kiribati_2018","LM","Kiribati"
"648","p2","Lesotho_2018","LM","Lesotho"
"649","p2","Solomon Islands_2018","LM","Solomon Islands"
"650","p2","Tajikistan_2018","LM","Tajikistan"
"651","p2","Timor-Leste_2018","LM","Timor-Leste"
"652","p2","Vanuatu_2018","LM","Vanuatu"
"653","p2","Comoros_2019","LM","Comoros"
"654","p2","Djibouti_2019","LM","Djibouti"
"655","p2","Iran, Islamic Rep._2019","LM","Iran, Islamic Rep."
"656","p2","Kiribati_2019","LM","Kiribati"
"657","p2","Lesotho_2019","LM","Lesotho"
"658","p2","Solomon Islands_2019","LM","Solomon Islands"
"659","p2","Tajikistan_2019","LM","Tajikistan"
"660","p2","Timor-Leste_2019","LM","Timor-Leste"
"661","p2","Vanuatu_2019","LM","Vanuatu"
"662","p3","Comoros_1990","LM","Comoros"
"663","p3","Djibouti_1990","LM","Djibouti"
"664","p3","Micronesia, Fed. Sts._1990","LM","Micronesia, Fed. Sts."
"665","p3","Kiribati_1990","LM","Kiribati"
"666","p3","Lesotho_1990","LM","Lesotho"
"667","p3","Solomon Islands_1990","LM","Solomon Islands"
"668","p3","Sao Tome and Principe_1990","LM","Sao Tome and Principe"
"669","p3","Timor-Leste_1990","LM","Timor-Leste"
"670","p3","Vanuatu_1990","LM","Vanuatu"
"671","p3","Comoros_1991","LM","Comoros"
"672","p3","Djibouti_1991","LM","Djibouti"
"673","p3","Micronesia, Fed. Sts._1991","LM","Micronesia, Fed. Sts."
"674","p3","Kiribati_1991","LM","Kiribati"
"675","p3","Lesotho_1991","LM","Lesotho"
"676","p3","Solomon Islands_1991","LM","Solomon Islands"
"677","p3","Sao Tome and Principe_1991","LM","Sao Tome and Principe"
"678","p3","Timor-Leste_1991","LM","Timor-Leste"
"679","p3","Vanuatu_1991","LM","Vanuatu"
"680","p3","Comoros_1992","LM","Comoros"
"681","p3","Djibouti_1992","LM","Djibouti"
"682","p3","Micronesia, Fed. Sts._1992","LM","Micronesia, Fed. Sts."
"683","p3","Kiribati_1992","LM","Kiribati"
"684","p3","Solomon Islands_1992","LM","Solomon Islands"
"685","p3","Sao Tome and Principe_1992","LM","Sao Tome and Principe"
"686","p3","Timor-Leste_1992","LM","Timor-Leste"
"687","p3","Vanuatu_1992","LM","Vanuatu"
"688","p3","Comoros_1993","LM","Comoros"
"689","p3","Djibouti_1993","LM","Djibouti"
"690","p3","Micronesia, Fed. Sts._1993","LM","Micronesia, Fed. Sts."
"691","p3","Kiribati_1993","LM","Kiribati"
"692","p3","Mongolia_1993","LM","Mongolia"
"693","p3","Solomon Islands_1993","LM","Solomon Islands"
"694","p3","Sao Tome and Principe_1993","LM","Sao Tome and Principe"
"695","p3","Timor-Leste_1993","LM","Timor-Leste"
"696","p3","Vanuatu_1993","LM","Vanuatu"
"697","p3","Comoros_1994","LM","Comoros"
"698","p3","Djibouti_1994","LM","Djibouti"
"699","p3","Micronesia, Fed. Sts._1994","LM","Micronesia, Fed. Sts."
"700","p3","Kiribati_1994","LM","Kiribati"
"701","p3","Solomon Islands_1994","LM","Solomon Islands"
"702","p3","Sao Tome and Principe_1994","LM","Sao Tome and Principe"
"703","p3","Timor-Leste_1994","LM","Timor-Leste"
"704","p3","Vanuatu_1994","LM","Vanuatu"
"705","p3","Comoros_1995","LM","Comoros"
"706","p3","Djibouti_1995","LM","Djibouti"
"707","p3","Micronesia, Fed. Sts._1995","LM","Micronesia, Fed. Sts."
"708","p3","Kiribati_1995","LM","Kiribati"
"709","p3","Solomon Islands_1995","LM","Solomon Islands"
"710","p3","Sao Tome and Principe_1995","LM","Sao Tome and Principe"
"711","p3","Timor-Leste_1995","LM","Timor-Leste"
"712","p3","Vanuatu_1995","LM","Vanuatu"
"713","p3","Comoros_1996","LM","Comoros"
"714","p3","Djibouti_1996","LM","Djibouti"
"715","p3","Micronesia, Fed. Sts._1996","LM","Micronesia, Fed. Sts."
"716","p3","Kiribati_1996","LM","Kiribati"
"717","p3","Solomon Islands_1996","LM","Solomon Islands"
"718","p3","Sao Tome and Principe_1996","LM","Sao Tome and Principe"
"719","p3","Timor-Leste_1996","LM","Timor-Leste"
"720","p3","Vanuatu_1996","LM","Vanuatu"
"721","p3","Comoros_1997","LM","Comoros"
"722","p3","Djibouti_1997","LM","Djibouti"
"723","p3","Micronesia, Fed. Sts._1997","LM","Micronesia, Fed. Sts."
"724","p3","Kiribati_1997","LM","Kiribati"
"725","p3","Solomon Islands_1997","LM","Solomon Islands"
"726","p3","Sao Tome and Principe_1997","LM","Sao Tome and Principe"
"727","p3","Timor-Leste_1997","LM","Timor-Leste"
"728","p3","Vanuatu_1997","LM","Vanuatu"
"729","p3","Comoros_1998","LM","Comoros"
"730","p3","Djibouti_1998","LM","Djibouti"
"731","p3","Micronesia, Fed. Sts._1998","LM","Micronesia, Fed. Sts."
"732","p3","Kiribati_1998","LM","Kiribati"
"733","p3","Solomon Islands_1998","LM","Solomon Islands"
"734","p3","Sao Tome and Principe_1998","LM","Sao Tome and Principe"
"735","p3","Timor-Leste_1998","LM","Timor-Leste"
"736","p3","Vanuatu_1998","LM","Vanuatu"
"737","p3","Comoros_1999","LM","Comoros"
"738","p3","Djibouti_1999","LM","Djibouti"
"739","p3","Micronesia, Fed. Sts._1999","LM","Micronesia, Fed. Sts."
"740","p3","Kiribati_1999","LM","Kiribati"
"741","p3","Solomon Islands_1999","LM","Solomon Islands"
"742","p3","Sao Tome and Principe_1999","LM","Sao Tome and Principe"
"743","p3","Timor-Leste_1999","LM","Timor-Leste"
"744","p3","Vanuatu_1999","LM","Vanuatu"
"745","p3","Comoros_2000","LM","Comoros"
"746","p3","Djibouti_2000","LM","Djibouti"
"747","p3","Micronesia, Fed. Sts._2000","LM","Micronesia, Fed. Sts."
"748","p3","Kiribati_2000","LM","Kiribati"
"749","p3","Solomon Islands_2000","LM","Solomon Islands"
"750","p3","Sao Tome and Principe_2000","LM","Sao Tome and Principe"
"751","p3","Timor-Leste_2000","LM","Timor-Leste"
"752","p3","Vanuatu_2000","LM","Vanuatu"
"753","p3","Comoros_2001","LM","Comoros"
"754","p3","Djibouti_2001","LM","Djibouti"
"755","p3","Micronesia, Fed. Sts._2001","LM","Micronesia, Fed. Sts."
"756","p3","Kiribati_2001","LM","Kiribati"
"757","p3","Solomon Islands_2001","LM","Solomon Islands"
"758","p3","Sao Tome and Principe_2001","LM","Sao Tome and Principe"
"759","p3","Timor-Leste_2001","LM","Timor-Leste"
"760","p3","Vanuatu_2001","LM","Vanuatu"
"761","p3","Comoros_2002","LM","Comoros"
"762","p3","Djibouti_2002","LM","Djibouti"
"763","p3","Micronesia, Fed. Sts._2002","LM","Micronesia, Fed. Sts."
"764","p3","Kiribati_2002","LM","Kiribati"
"765","p3","Lesotho_2002","LM","Lesotho"
"766","p3","Solomon Islands_2002","LM","Solomon Islands"
"767","p3","Sao Tome and Principe_2002","LM","Sao Tome and Principe"
"768","p3","Timor-Leste_2002","LM","Timor-Leste"
"769","p3","Vanuatu_2002","LM","Vanuatu"
"770","p3","Comoros_2003","LM","Comoros"
"771","p3","Djibouti_2003","LM","Djibouti"
"772","p3","Micronesia, Fed. Sts._2003","LM","Micronesia, Fed. Sts."
"773","p3","Kiribati_2003","LM","Kiribati"
"774","p3","Solomon Islands_2003","LM","Solomon Islands"
"775","p3","Sao Tome and Principe_2003","LM","Sao Tome and Principe"
"776","p3","Timor-Leste_2003","LM","Timor-Leste"
"777","p3","Vanuatu_2003","LM","Vanuatu"
"778","p3","Comoros_2004","LM","Comoros"
"779","p3","Djibouti_2004","LM","Djibouti"
"780","p3","Micronesia, Fed. Sts._2004","LM","Micronesia, Fed. Sts."
"781","p3","Kiribati_2004","LM","Kiribati"
"782","p3","Solomon Islands_2004","LM","Solomon Islands"
"783","p3","Sao Tome and Principe_2004","LM","Sao Tome and Principe"
"784","p3","Timor-Leste_2004","LM","Timor-Leste"
"785","p3","Vanuatu_2004","LM","Vanuatu"
"786","p3","Comoros_2005","LM","Comoros"
"787","p3","Djibouti_2005","LM","Djibouti"
"788","p3","Micronesia, Fed. Sts._2005","LM","Micronesia, Fed. Sts."
"789","p3","Kiribati_2005","LM","Kiribati"
"790","p3","Solomon Islands_2005","LM","Solomon Islands"
"791","p3","Sao Tome and Principe_2005","LM","Sao Tome and Principe"
"792","p3","Timor-Leste_2005","LM","Timor-Leste"
"793","p3","Vanuatu_2005","LM","Vanuatu"
"794","p3","Comoros_2006","LM","Comoros"
"795","p3","Djibouti_2006","LM","Djibouti"
"796","p3","Micronesia, Fed. Sts._2006","LM","Micronesia, Fed. Sts."
"797","p3","Kiribati_2006","LM","Kiribati"
"798","p3","Solomon Islands_2006","LM","Solomon Islands"
"799","p3","Sao Tome and Principe_2006","LM","Sao Tome and Principe"
"800","p3","Timor-Leste_2006","LM","Timor-Leste"
"801","p3","Vanuatu_2006","LM","Vanuatu"
"802","p3","Comoros_2007","LM","Comoros"
"803","p3","Micronesia, Fed. Sts._2007","LM","Micronesia, Fed. Sts."
"804","p3","Kiribati_2007","LM","Kiribati"
"805","p3","Solomon Islands_2007","LM","Solomon Islands"
"806","p3","Sao Tome and Principe_2007","LM","Sao Tome and Principe"
"807","p3","Timor-Leste_2007","LM","Timor-Leste"
"808","p3","Vanuatu_2007","LM","Vanuatu"
"809","p3","Micronesia, Fed. Sts._2008","LM","Micronesia, Fed. Sts."
"810","p3","Indonesia_2008","LM","Indonesia"
"811","p3","Kiribati_2008","LM","Kiribati"
"812","p3","Solomon Islands_2008","LM","Solomon Islands"
"813","p3","Sao Tome and Principe_2008","LM","Sao Tome and Principe"
"814","p3","Timor-Leste_2008","LM","Timor-Leste"
"815","p3","Vanuatu_2008","LM","Vanuatu"
"816","p3","Micronesia, Fed. Sts._2009","LM","Micronesia, Fed. Sts."
"817","p3","Indonesia_2009","LM","Indonesia"
"818","p3","Kiribati_2009","LM","Kiribati"
"819","p3","Sao Tome and Principe_2009","LM","Sao Tome and Principe"
"820","p3","Timor-Leste_2009","LM","Timor-Leste"
"821","p3","Vanuatu_2009","LM","Vanuatu"
"822","p3","Micronesia, Fed. Sts._2010","LM","Micronesia, Fed. Sts."
"823","p3","Indonesia_2010","LM","Indonesia"
"824","p3","Iran, Islamic Rep._2010","LM","Iran, Islamic Rep."
"825","p3","Kiribati_2010","LM","Kiribati"
"826","p3","Sao Tome and Principe_2010","LM","Sao Tome and Principe"
"827","p3","Vanuatu_2010","LM","Vanuatu"
"828","p3","Micronesia, Fed. Sts._2011","LM","Micronesia, Fed. Sts."
"829","p3","Indonesia_2011","LM","Indonesia"
"830","p3","Iran, Islamic Rep._2011","LM","Iran, Islamic Rep."
"831","p3","Kiribati_2011","LM","Kiribati"
"832","p3","Sao Tome and Principe_2011","LM","Sao Tome and Principe"
"833","p3","Vanuatu_2011","LM","Vanuatu"
"834","p3","Micronesia, Fed. Sts._2012","LM","Micronesia, Fed. Sts."
"835","p3","Indonesia_2012","LM","Indonesia"
"836","p3","Iran, Islamic Rep._2012","LM","Iran, Islamic Rep."
"837","p3","Kiribati_2012","LM","Kiribati"
"838","p3","Sao Tome and Principe_2012","LM","Sao Tome and Principe"
"839","p3","Vanuatu_2012","LM","Vanuatu"
"840","p3","Micronesia, Fed. Sts._2013","LM","Micronesia, Fed. Sts."
"841","p3","Indonesia_2013","LM","Indonesia"
"842","p3","Iran, Islamic Rep._2013","LM","Iran, Islamic Rep."
"843","p3","Kiribati_2013","LM","Kiribati"
"844","p3","Nigeria_2013","LM","Nigeria"
"845","p3","Sao Tome and Principe_2013","LM","Sao Tome and Principe"
"846","p3","Vanuatu_2013","LM","Vanuatu"
"847","p3","Micronesia, Fed. Sts._2014","LM","Micronesia, Fed. Sts."
"848","p3","Indonesia_2014","LM","Indonesia"
"849","p3","Kiribati_2014","LM","Kiribati"
"850","p3","Nigeria_2014","LM","Nigeria"
"851","p3","Sao Tome and Principe_2014","LM","Sao Tome and Principe"
"852","p3","Vanuatu_2014","LM","Vanuatu"
"853","p3","Micronesia, Fed. Sts._2015","LM","Micronesia, Fed. Sts."
"854","p3","Indonesia_2015","LM","Indonesia"
"855","p3","Kiribati_2015","LM","Kiribati"
"856","p3","Nigeria_2015","LM","Nigeria"
"857","p3","Sao Tome and Principe_2015","LM","Sao Tome and Principe"
"858","p3","Vanuatu_2015","LM","Vanuatu"
"859","p3","Micronesia, Fed. Sts._2016","LM","Micronesia, Fed. Sts."
"860","p3","Indonesia_2016","LM","Indonesia"
"861","p3","Kiribati_2016","LM","Kiribati"
"862","p3","Sao Tome and Principe_2016","LM","Sao Tome and Principe"
"863","p3","Vanuatu_2016","LM","Vanuatu"
"864","p3","Micronesia, Fed. Sts._2017","LM","Micronesia, Fed. Sts."
"865","p3","Indonesia_2017","LM","Indonesia"
"866","p3","Iran, Islamic Rep._2017","LM","Iran, Islamic Rep."
"867","p3","Kiribati_2017","LM","Kiribati"
"868","p3","Sao Tome and Principe_2017","LM","Sao Tome and Principe"
"869","p3","Micronesia, Fed. Sts._2018","LM","Micronesia, Fed. Sts."
"870","p3","Indonesia_2018","LM","Indonesia"
"871","p3","Kiribati_2018","LM","Kiribati"
"872","p3","Sao Tome and Principe_2018","LM","Sao Tome and Principe"
"873","p3","Micronesia, Fed. Sts._2019","LM","Micronesia, Fed. Sts."
"874","p3","Indonesia_2019","LM","Indonesia"
"875","p3","Kiribati_2019","LM","Kiribati"
"876","p3","Sao Tome and Principe_2019","LM","Sao Tome and Principe"
"877","p4","Comoros_1990","LM","Comoros"
"878","p4","Micronesia, Fed. Sts._1990","LM","Micronesia, Fed. Sts."
"879","p4","Kiribati_1990","LM","Kiribati"
"880","p4","Solomon Islands_1990","LM","Solomon Islands"
"881","p4","Sao Tome and Principe_1990","LM","Sao Tome and Principe"
"882","p4","Timor-Leste_1990","LM","Timor-Leste"
"883","p4","Comoros_1991","LM","Comoros"
"884","p4","Micronesia, Fed. Sts._1991","LM","Micronesia, Fed. Sts."
"885","p4","Kiribati_1991","LM","Kiribati"
"886","p4","Solomon Islands_1991","LM","Solomon Islands"
"887","p4","Sao Tome and Principe_1991","LM","Sao Tome and Principe"
"888","p4","Comoros_1992","LM","Comoros"
"889","p4","Micronesia, Fed. Sts._1992","LM","Micronesia, Fed. Sts."
"890","p4","Kiribati_1992","LM","Kiribati"
"891","p4","Solomon Islands_1992","LM","Solomon Islands"
"892","p4","Sao Tome and Principe_1992","LM","Sao Tome and Principe"
"893","p4","Comoros_1993","LM","Comoros"
"894","p4","Micronesia, Fed. Sts._1993","LM","Micronesia, Fed. Sts."
"895","p4","Kiribati_1993","LM","Kiribati"
"896","p4","Solomon Islands_1993","LM","Solomon Islands"
"897","p4","Sao Tome and Principe_1993","LM","Sao Tome and Principe"
"898","p4","Comoros_1994","LM","Comoros"
"899","p4","Micronesia, Fed. Sts._1994","LM","Micronesia, Fed. Sts."
"900","p4","Kiribati_1994","LM","Kiribati"
"901","p4","Solomon Islands_1994","LM","Solomon Islands"
"902","p4","Sao Tome and Principe_1994","LM","Sao Tome and Principe"
"903","p4","Comoros_1995","LM","Comoros"
"904","p4","Micronesia, Fed. Sts._1995","LM","Micronesia, Fed. Sts."
"905","p4","Kiribati_1995","LM","Kiribati"
"906","p4","Solomon Islands_1995","LM","Solomon Islands"
"907","p4","Sao Tome and Principe_1995","LM","Sao Tome and Principe"
"908","p4","Comoros_1996","LM","Comoros"
"909","p4","Micronesia, Fed. Sts._1996","LM","Micronesia, Fed. Sts."
"910","p4","Kiribati_1996","LM","Kiribati"
"911","p4","Sao Tome and Principe_1996","LM","Sao Tome and Principe"
"912","p4","Comoros_1997","LM","Comoros"
"913","p4","Micronesia, Fed. Sts._1997","LM","Micronesia, Fed. Sts."
"914","p4","Kiribati_1997","LM","Kiribati"
"915","p4","Sao Tome and Principe_1997","LM","Sao Tome and Principe"
"916","p4","Comoros_1998","LM","Comoros"
"917","p4","Micronesia, Fed. Sts._1998","LM","Micronesia, Fed. Sts."
"918","p4","Kiribati_1998","LM","Kiribati"
"919","p4","Sao Tome and Principe_1998","LM","Sao Tome and Principe"
"920","p4","Comoros_1999","LM","Comoros"
"921","p4","Micronesia, Fed. Sts._1999","LM","Micronesia, Fed. Sts."
"922","p4","Kiribati_1999","LM","Kiribati"
"923","p4","Sao Tome and Principe_1999","LM","Sao Tome and Principe"
"924","p4","Comoros_2000","LM","Comoros"
"925","p4","Micronesia, Fed. Sts._2000","LM","Micronesia, Fed. Sts."
"926","p4","Kiribati_2000","LM","Kiribati"
"927","p4","Sao Tome and Principe_2000","LM","Sao Tome and Principe"
"928","p4","Comoros_2001","LM","Comoros"
"929","p4","Micronesia, Fed. Sts._2001","LM","Micronesia, Fed. Sts."
"930","p4","Kiribati_2001","LM","Kiribati"
"931","p4","Sao Tome and Principe_2001","LM","Sao Tome and Principe"
"932","p4","Comoros_2002","LM","Comoros"
"933","p4","Micronesia, Fed. Sts._2002","LM","Micronesia, Fed. Sts."
"934","p4","Kiribati_2002","LM","Kiribati"
"935","p4","Sao Tome and Principe_2002","LM","Sao Tome and Principe"
"936","p4","Comoros_2003","LM","Comoros"
"937","p4","Micronesia, Fed. Sts._2003","LM","Micronesia, Fed. Sts."
"938","p4","Kiribati_2003","LM","Kiribati"
"939","p4","Sao Tome and Principe_2003","LM","Sao Tome and Principe"
"940","p4","Comoros_2004","LM","Comoros"
"941","p4","Micronesia, Fed. Sts._2004","LM","Micronesia, Fed. Sts."
"942","p4","Kiribati_2004","LM","Kiribati"
"943","p4","Sao Tome and Principe_2004","LM","Sao Tome and Principe"
"944","p4","Comoros_2005","LM","Comoros"
"945","p4","Micronesia, Fed. Sts._2005","LM","Micronesia, Fed. Sts."
"946","p4","Kiribati_2005","LM","Kiribati"
"947","p4","Sao Tome and Principe_2005","LM","Sao Tome and Principe"
"948","p4","Comoros_2006","LM","Comoros"
"949","p4","Micronesia, Fed. Sts._2006","LM","Micronesia, Fed. Sts."
"950","p4","Kiribati_2006","LM","Kiribati"
"951","p4","Sao Tome and Principe_2006","LM","Sao Tome and Principe"
"952","p4","Comoros_2007","LM","Comoros"
"953","p4","Micronesia, Fed. Sts._2007","LM","Micronesia, Fed. Sts."
"954","p4","Kiribati_2007","LM","Kiribati"
"955","p4","Sao Tome and Principe_2007","LM","Sao Tome and Principe"
"956","p4","Comoros_2008","LM","Comoros"
"957","p4","Micronesia, Fed. Sts._2008","LM","Micronesia, Fed. Sts."
"958","p4","Kiribati_2008","LM","Kiribati"
"959","p4","Sao Tome and Principe_2008","LM","Sao Tome and Principe"
"960","p4","Comoros_2009","LM","Comoros"
"961","p4","Micronesia, Fed. Sts._2009","LM","Micronesia, Fed. Sts."
"962","p4","Kiribati_2009","LM","Kiribati"
"963","p4","Sao Tome and Principe_2009","LM","Sao Tome and Principe"
"964","p4","Comoros_2010","LM","Comoros"
"965","p4","Micronesia, Fed. Sts._2010","LM","Micronesia, Fed. Sts."
"966","p4","Kiribati_2010","LM","Kiribati"
"967","p4","Sao Tome and Principe_2010","LM","Sao Tome and Principe"
"968","p4","Comoros_2011","LM","Comoros"
"969","p4","Micronesia, Fed. Sts._2011","LM","Micronesia, Fed. Sts."
"970","p4","Kiribati_2011","LM","Kiribati"
"971","p4","Sao Tome and Principe_2011","LM","Sao Tome and Principe"
"972","p4","Comoros_2012","LM","Comoros"
"973","p4","Micronesia, Fed. Sts._2012","LM","Micronesia, Fed. Sts."
"974","p4","Kiribati_2012","LM","Kiribati"
"975","p4","Sao Tome and Principe_2012","LM","Sao Tome and Principe"
"976","p4","Micronesia, Fed. Sts._2013","LM","Micronesia, Fed. Sts."
"977","p4","Kiribati_2013","LM","Kiribati"
"978","p4","Sao Tome and Principe_2013","LM","Sao Tome and Principe"
"979","p4","Comoros_2014","LM","Comoros"
"980","p4","Micronesia, Fed. Sts._2014","LM","Micronesia, Fed. Sts."
"981","p4","Kiribati_2014","LM","Kiribati"
"982","p4","Sao Tome and Principe_2014","LM","Sao Tome and Principe"
"983","p4","Micronesia, Fed. Sts._2015","LM","Micronesia, Fed. Sts."
"984","p4","Kiribati_2015","LM","Kiribati"
"985","p4","Sao Tome and Principe_2015","LM","Sao Tome and Principe"
"986","p4","Micronesia, Fed. Sts._2016","LM","Micronesia, Fed. Sts."
"987","p4","Kiribati_2016","LM","Kiribati"
"988","p4","Sao Tome and Principe_2016","LM","Sao Tome and Principe"
"989","p4","Micronesia, Fed. Sts._2017","LM","Micronesia, Fed. Sts."
"990","p4","Kiribati_2017","LM","Kiribati"
"991","p4","Sao Tome and Principe_2017","LM","Sao Tome and Principe"
"992","p4","Micronesia, Fed. Sts._2018","LM","Micronesia, Fed. Sts."
"993","p4","Kiribati_2018","LM","Kiribati"
"994","p4","Sao Tome and Principe_2018","LM","Sao Tome and Principe"
"995","p4","Micronesia, Fed. Sts._2019","LM","Micronesia, Fed. Sts."
"996","p4","Kiribati_2019","LM","Kiribati"
"997","p4","Sao Tome and Principe_2019","LM","Sao Tome and Principe"
"998","p5","Solomon Islands_1990","LM","Solomon Islands"
"999","p5","Solomon Islands_1991","LM","Solomon Islands"
"1000","p5","Papua New Guinea_1996","LM","Papua New Guinea"
"1001","p5","Papua New Guinea_1997","LM","Papua New Guinea"
"1002","p5","Papua New Guinea_1998","LM","Papua New Guinea"
"1003","p5","Papua New Guinea_1999","LM","Papua New Guinea"
"1004","p5","Papua New Guinea_2000","LM","Papua New Guinea"
"1005","p5","Papua New Guinea_2001","LM","Papua New Guinea"
"1006","p5","Papua New Guinea_2002","LM","Papua New Guinea"
"1007","p5","Papua New Guinea_2003","LM","Papua New Guinea"
"1008","p5","Papua New Guinea_2004","LM","Papua New Guinea"
"1009","p5","Papua New Guinea_2005","LM","Papua New Guinea"
"1010","p5","Papua New Guinea_2006","LM","Papua New Guinea"
"1011","p5","Papua New Guinea_2007","LM","Papua New Guinea"
"1012","p5","Papua New Guinea_2008","LM","Papua New Guinea"
"1013","p5","Papua New Guinea_2009","LM","Papua New Guinea"
"1014","p5","Papua New Guinea_2010","LM","Papua New Guinea"
"1015","p5","Papua New Guinea_2011","LM","Papua New Guinea"
"1016","p5","Papua New Guinea_2012","LM","Papua New Guinea"
"1017","p5","Papua New Guinea_2013","LM","Papua New Guinea"
"1018","p5","Papua New Guinea_2014","LM","Papua New Guinea"
"1019","p5","Papua New Guinea_2015","LM","Papua New Guinea"
"1020","p5","Papua New Guinea_2016","LM","Papua New Guinea"
"1021","p5","Papua New Guinea_2017","LM","Papua New Guinea"
"1022","p5","Papua New Guinea_2018","LM","Papua New Guinea"
"1023","p5","Papua New Guinea_2019","LM","Papua New Guinea"
"1024","p6","Eswatini_1990","LM","Eswatini"
"1025","p6","Zimbabwe_1990","LM","Zimbabwe"
"1026","p6","Zimbabwe_1991","LM","Zimbabwe"
"1027","p6","Eswatini_1995","LM","Eswatini"
"1028","p1","Afghanistan_1990","L","Afghanistan"
"1029","p1","Central African Republic_1990","L","Central African Republic"
"1030","p1","Congo, Dem. Rep._1990","L","Congo, Dem. Rep."
"1031","p1","Ethiopia_1990","L","Ethiopia"
"1032","p1","Guinea_1990","L","Guinea"
"1033","p1","Guinea-Bissau_1990","L","Guinea-Bissau"
"1034","p1","Liberia_1990","L","Liberia"
"1035","p1","Mali_1990","L","Mali"
"1036","p1","Mozambique_1990","L","Mozambique"
"1037","p1","Malawi_1990","L","Malawi"
"1038","p1","Korea, Dem. People's Rep._1990","L","Korea, Dem. People's Rep."
"1039","p1","Rwanda_1990","L","Rwanda"
"1040","p1","Sierra Leone_1990","L","Sierra Leone"
"1041","p1","Somalia_1990","L","Somalia"
"1042","p1","South Sudan_1990","L","South Sudan"
"1043","p1","Syrian Arab Republic_1990","L","Syrian Arab Republic"
"1044","p1","Chad_1990","L","Chad"
"1045","p1","Afghanistan_1991","L","Afghanistan"
"1046","p1","Central African Republic_1991","L","Central African Republic"
"1047","p1","Congo, Dem. Rep._1991","L","Congo, Dem. Rep."
"1048","p1","Ethiopia_1991","L","Ethiopia"
"1049","p1","Guinea-Bissau_1991","L","Guinea-Bissau"
"1050","p1","Liberia_1991","L","Liberia"
"1051","p1","Mali_1991","L","Mali"
"1052","p1","Mozambique_1991","L","Mozambique"
"1053","p1","Malawi_1991","L","Malawi"
"1054","p1","Korea, Dem. People's Rep._1991","L","Korea, Dem. People's Rep."
"1055","p1","Rwanda_1991","L","Rwanda"
"1056","p1","Sierra Leone_1991","L","Sierra Leone"
"1057","p1","Somalia_1991","L","Somalia"
"1058","p1","South Sudan_1991","L","South Sudan"
"1059","p1","Syrian Arab Republic_1991","L","Syrian Arab Republic"
"1060","p1","Chad_1991","L","Chad"
"1061","p1","Afghanistan_1992","L","Afghanistan"
"1062","p1","Central African Republic_1992","L","Central African Republic"
"1063","p1","Congo, Dem. Rep._1992","L","Congo, Dem. Rep."
"1064","p1","Ethiopia_1992","L","Ethiopia"
"1065","p1","Guinea-Bissau_1992","L","Guinea-Bissau"
"1066","p1","Liberia_1992","L","Liberia"
"1067","p1","Mali_1992","L","Mali"
"1068","p1","Mozambique_1992","L","Mozambique"
"1069","p1","Korea, Dem. People's Rep._1992","L","Korea, Dem. People's Rep."
"1070","p1","Rwanda_1992","L","Rwanda"
"1071","p1","Sierra Leone_1992","L","Sierra Leone"
"1072","p1","Somalia_1992","L","Somalia"
"1073","p1","South Sudan_1992","L","South Sudan"
"1074","p1","Syrian Arab Republic_1992","L","Syrian Arab Republic"
"1075","p1","Chad_1992","L","Chad"
"1076","p1","Yemen, Rep._1992","L","Yemen, Rep."
"1077","p1","Afghanistan_1993","L","Afghanistan"
"1078","p1","Central African Republic_1993","L","Central African Republic"
"1079","p1","Congo, Dem. Rep._1993","L","Congo, Dem. Rep."
"1080","p1","Ethiopia_1993","L","Ethiopia"
"1081","p1","Guinea-Bissau_1993","L","Guinea-Bissau"
"1082","p1","Liberia_1993","L","Liberia"
"1083","p1","Mali_1993","L","Mali"
"1084","p1","Mozambique_1993","L","Mozambique"
"1085","p1","Malawi_1993","L","Malawi"
"1086","p1","Korea, Dem. People's Rep._1993","L","Korea, Dem. People's Rep."
"1087","p1","Rwanda_1993","L","Rwanda"
"1088","p1","Sierra Leone_1993","L","Sierra Leone"
"1089","p1","Somalia_1993","L","Somalia"
"1090","p1","South Sudan_1993","L","South Sudan"
"1091","p1","Syrian Arab Republic_1993","L","Syrian Arab Republic"
"1092","p1","Chad_1993","L","Chad"
"1093","p1","Yemen, Rep._1993","L","Yemen, Rep."
"1094","p1","Afghanistan_1994","L","Afghanistan"
"1095","p1","Central African Republic_1994","L","Central African Republic"
"1096","p1","Congo, Dem. Rep._1994","L","Congo, Dem. Rep."
"1097","p1","Ethiopia_1994","L","Ethiopia"
"1098","p1","Guinea-Bissau_1994","L","Guinea-Bissau"
"1099","p1","Liberia_1994","L","Liberia"
"1100","p1","Mali_1994","L","Mali"
"1101","p1","Mozambique_1994","L","Mozambique"
"1102","p1","Malawi_1994","L","Malawi"
"1103","p1","Korea, Dem. People's Rep._1994","L","Korea, Dem. People's Rep."
"1104","p1","Rwanda_1994","L","Rwanda"
"1105","p1","Somalia_1994","L","Somalia"
"1106","p1","South Sudan_1994","L","South Sudan"
"1107","p1","Syrian Arab Republic_1994","L","Syrian Arab Republic"
"1108","p1","Chad_1994","L","Chad"
"1109","p1","Yemen, Rep._1994","L","Yemen, Rep."
"1110","p1","Afghanistan_1995","L","Afghanistan"
"1111","p1","Ethiopia_1995","L","Ethiopia"
"1112","p1","Guinea-Bissau_1995","L","Guinea-Bissau"
"1113","p1","Liberia_1995","L","Liberia"
"1114","p1","Mali_1995","L","Mali"
"1115","p1","Mozambique_1995","L","Mozambique"
"1116","p1","Malawi_1995","L","Malawi"
"1117","p1","Korea, Dem. People's Rep._1995","L","Korea, Dem. People's Rep."
"1118","p1","Rwanda_1995","L","Rwanda"
"1119","p1","Somalia_1995","L","Somalia"
"1120","p1","South Sudan_1995","L","South Sudan"
"1121","p1","Syrian Arab Republic_1995","L","Syrian Arab Republic"
"1122","p1","Chad_1995","L","Chad"
"1123","p1","Yemen, Rep._1995","L","Yemen, Rep."
"1124","p1","Afghanistan_1996","L","Afghanistan"
"1125","p1","Ethiopia_1996","L","Ethiopia"
"1126","p1","Guinea-Bissau_1996","L","Guinea-Bissau"
"1127","p1","Liberia_1996","L","Liberia"
"1128","p1","Mozambique_1996","L","Mozambique"
"1129","p1","Korea, Dem. People's Rep._1996","L","Korea, Dem. People's Rep."
"1130","p1","Rwanda_1996","L","Rwanda"
"1131","p1","Somalia_1996","L","Somalia"
"1132","p1","South Sudan_1996","L","South Sudan"
"1133","p1","Syrian Arab Republic_1996","L","Syrian Arab Republic"
"1134","p1","Chad_1996","L","Chad"
"1135","p1","Yemen, Rep._1996","L","Yemen, Rep."
"1136","p1","Afghanistan_1997","L","Afghanistan"
"1137","p1","Ethiopia_1997","L","Ethiopia"
"1138","p1","Guinea-Bissau_1997","L","Guinea-Bissau"
"1139","p1","Liberia_1997","L","Liberia"
"1140","p1","Korea, Dem. People's Rep._1997","L","Korea, Dem. People's Rep."
"1141","p1","Rwanda_1997","L","Rwanda"
"1142","p1","Somalia_1997","L","Somalia"
"1143","p1","South Sudan_1997","L","South Sudan"
"1144","p1","Syrian Arab Republic_1997","L","Syrian Arab Republic"
"1145","p1","Chad_1997","L","Chad"
"1146","p1","Yemen, Rep._1997","L","Yemen, Rep."
"1147","p1","Afghanistan_1998","L","Afghanistan"
"1148","p1","Guinea-Bissau_1998","L","Guinea-Bissau"
"1149","p1","Liberia_1998","L","Liberia"
"1150","p1","Korea, Dem. People's Rep._1998","L","Korea, Dem. People's Rep."
"1151","p1","Rwanda_1998","L","Rwanda"
"1152","p1","Somalia_1998","L","Somalia"
"1153","p1","South Sudan_1998","L","South Sudan"
"1154","p1","Syrian Arab Republic_1998","L","Syrian Arab Republic"
"1155","p1","Chad_1998","L","Chad"
"1156","p1","Yemen, Rep._1998","L","Yemen, Rep."
"1157","p1","Afghanistan_1999","L","Afghanistan"
"1158","p1","Guinea-Bissau_1999","L","Guinea-Bissau"
"1159","p1","Liberia_1999","L","Liberia"
"1160","p1","Somalia_1999","L","Somalia"
"1161","p1","South Sudan_1999","L","South Sudan"
"1162","p1","Syrian Arab Republic_1999","L","Syrian Arab Republic"
"1163","p1","Yemen, Rep._1999","L","Yemen, Rep."
"1164","p1","Afghanistan_2000","L","Afghanistan"
"1165","p1","Guinea-Bissau_2000","L","Guinea-Bissau"
"1166","p1","Liberia_2000","L","Liberia"
"1167","p1","Somalia_2000","L","Somalia"
"1168","p1","South Sudan_2000","L","South Sudan"
"1169","p1","Syrian Arab Republic_2000","L","Syrian Arab Republic"
"1170","p1","Yemen, Rep._2000","L","Yemen, Rep."
"1171","p1","Guinea-Bissau_2001","L","Guinea-Bissau"
"1172","p1","Liberia_2001","L","Liberia"
"1173","p1","South Sudan_2001","L","South Sudan"
"1174","p1","Syrian Arab Republic_2001","L","Syrian Arab Republic"
"1175","p1","Yemen, Rep._2001","L","Yemen, Rep."
"1176","p1","Guinea-Bissau_2002","L","Guinea-Bissau"
"1177","p1","Liberia_2002","L","Liberia"
"1178","p1","South Sudan_2002","L","South Sudan"
"1179","p1","Syrian Arab Republic_2002","L","Syrian Arab Republic"
"1180","p1","Yemen, Rep._2002","L","Yemen, Rep."
"1181","p1","Guinea-Bissau_2003","L","Guinea-Bissau"
"1182","p1","Liberia_2003","L","Liberia"
"1183","p1","South Sudan_2003","L","South Sudan"
"1184","p1","Syrian Arab Republic_2003","L","Syrian Arab Republic"
"1185","p1","Yemen, Rep._2003","L","Yemen, Rep."
"1186","p1","Liberia_2004","L","Liberia"
"1187","p1","South Sudan_2004","L","South Sudan"
"1188","p1","Syrian Arab Republic_2004","L","Syrian Arab Republic"
"1189","p1","Yemen, Rep._2004","L","Yemen, Rep."
"1190","p1","Liberia_2005","L","Liberia"
"1191","p1","South Sudan_2005","L","South Sudan"
"1192","p1","Syrian Arab Republic_2005","L","Syrian Arab Republic"
"1193","p1","Yemen, Rep._2005","L","Yemen, Rep."
"1194","p1","Liberia_2006","L","Liberia"
"1195","p1","South Sudan_2006","L","South Sudan"
"1196","p1","Syrian Arab Republic_2006","L","Syrian Arab Republic"
"1197","p1","Yemen, Rep._2006","L","Yemen, Rep."
"1198","p1","Gambia, The_2007","L","Gambia, The"
"1199","p1","South Sudan_2007","L","South Sudan"
"1200","p1","Syrian Arab Republic_2007","L","Syrian Arab Republic"
"1201","p1","Yemen, Rep._2007","L","Yemen, Rep."
"1202","p1","Afghanistan_2008","L","Afghanistan"
"1203","p1","Gambia, The_2008","L","Gambia, The"
"1204","p1","Liberia_2008","L","Liberia"
"1205","p1","South Sudan_2008","L","South Sudan"
"1206","p1","Syrian Arab Republic_2008","L","Syrian Arab Republic"
"1207","p1","Yemen, Rep._2008","L","Yemen, Rep."
"1208","p1","Afghanistan_2009","L","Afghanistan"
"1209","p1","Gambia, The_2009","L","Gambia, The"
"1210","p1","Liberia_2009","L","Liberia"
"1211","p1","Syrian Arab Republic_2009","L","Syrian Arab Republic"
"1212","p1","Yemen, Rep._2009","L","Yemen, Rep."
"1213","p1","Afghanistan_2010","L","Afghanistan"
"1214","p1","Eritrea_2010","L","Eritrea"
"1215","p1","Gambia, The_2010","L","Gambia, The"
"1216","p1","Somalia_2010","L","Somalia"
"1217","p1","South Sudan_2010","L","South Sudan"
"1218","p1","Syrian Arab Republic_2010","L","Syrian Arab Republic"
"1219","p1","Yemen, Rep._2010","L","Yemen, Rep."
"1220","p1","Afghanistan_2011","L","Afghanistan"
"1221","p1","Eritrea_2011","L","Eritrea"
"1222","p1","Gambia, The_2011","L","Gambia, The"
"1223","p1","Somalia_2011","L","Somalia"
"1224","p1","Syrian Arab Republic_2011","L","Syrian Arab Republic"
"1225","p1","Yemen, Rep._2011","L","Yemen, Rep."
"1226","p1","Afghanistan_2012","L","Afghanistan"
"1227","p1","Eritrea_2012","L","Eritrea"
"1228","p1","Gambia, The_2012","L","Gambia, The"
"1229","p1","Somalia_2012","L","Somalia"
"1230","p1","Syrian Arab Republic_2012","L","Syrian Arab Republic"
"1231","p1","Yemen, Rep._2012","L","Yemen, Rep."
"1232","p1","Afghanistan_2013","L","Afghanistan"
"1233","p1","Eritrea_2013","L","Eritrea"
"1234","p1","Gambia, The_2013","L","Gambia, The"
"1235","p1","Somalia_2013","L","Somalia"
"1236","p1","Syrian Arab Republic_2013","L","Syrian Arab Republic"
"1237","p1","Yemen, Rep._2013","L","Yemen, Rep."
"1238","p1","Afghanistan_2014","L","Afghanistan"
"1239","p1","Eritrea_2014","L","Eritrea"
"1240","p1","Gambia, The_2014","L","Gambia, The"
"1241","p1","Somalia_2014","L","Somalia"
"1242","p1","Syrian Arab Republic_2014","L","Syrian Arab Republic"
"1243","p1","Yemen, Rep._2014","L","Yemen, Rep."
"1244","p1","Afghanistan_2015","L","Afghanistan"
"1245","p1","Eritrea_2015","L","Eritrea"
"1246","p1","Gambia, The_2015","L","Gambia, The"
"1247","p1","Korea, Dem. People's Rep._2015","L","Korea, Dem. People's Rep."
"1248","p1","Somalia_2015","L","Somalia"
"1249","p1","Syrian Arab Republic_2015","L","Syrian Arab Republic"
"1250","p1","Yemen, Rep._2015","L","Yemen, Rep."
"1251","p1","Afghanistan_2016","L","Afghanistan"
"1252","p1","Eritrea_2016","L","Eritrea"
"1253","p1","Ethiopia_2016","L","Ethiopia"
"1254","p1","Gambia, The_2016","L","Gambia, The"
"1255","p1","Korea, Dem. People's Rep._2016","L","Korea, Dem. People's Rep."
"1256","p1","Somalia_2016","L","Somalia"
"1257","p1","Syrian Arab Republic_2016","L","Syrian Arab Republic"
"1258","p1","Yemen, Rep._2016","L","Yemen, Rep."
"1259","p1","Afghanistan_2017","L","Afghanistan"
"1260","p1","Eritrea_2017","L","Eritrea"
"1261","p1","Ethiopia_2017","L","Ethiopia"
"1262","p1","Gambia, The_2017","L","Gambia, The"
"1263","p1","Korea, Dem. People's Rep._2017","L","Korea, Dem. People's Rep."
"1264","p1","Somalia_2017","L","Somalia"
"1265","p1","Syrian Arab Republic_2017","L","Syrian Arab Republic"
"1266","p1","Yemen, Rep._2017","L","Yemen, Rep."
"1267","p1","Afghanistan_2018","L","Afghanistan"
"1268","p1","Eritrea_2018","L","Eritrea"
"1269","p1","Ethiopia_2018","L","Ethiopia"
"1270","p1","Guinea_2018","L","Guinea"
"1271","p1","Gambia, The_2018","L","Gambia, The"
"1272","p1","Mali_2018","L","Mali"
"1273","p1","Korea, Dem. People's Rep._2018","L","Korea, Dem. People's Rep."
"1274","p1","Somalia_2018","L","Somalia"
"1275","p1","Syrian Arab Republic_2018","L","Syrian Arab Republic"
"1276","p1","Yemen, Rep._2018","L","Yemen, Rep."
"1277","p1","Afghanistan_2019","L","Afghanistan"
"1278","p1","Eritrea_2019","L","Eritrea"
"1279","p1","Ethiopia_2019","L","Ethiopia"
"1280","p1","Guinea_2019","L","Guinea"
"1281","p1","Gambia, The_2019","L","Gambia, The"
"1282","p1","Mali_2019","L","Mali"
"1283","p1","Korea, Dem. People's Rep._2019","L","Korea, Dem. People's Rep."
"1284","p1","Rwanda_2019","L","Rwanda"
"1285","p1","Somalia_2019","L","Somalia"
"1286","p1","Syrian Arab Republic_2019","L","Syrian Arab Republic"
"1287","p1","Yemen, Rep._2019","L","Yemen, Rep."
"1288","p2","Gambia, The_1990","L","Gambia, The"
"1289","p2","Guinea-Bissau_1990","L","Guinea-Bissau"
"1290","p2","Korea, Dem. People's Rep._1990","L","Korea, Dem. People's Rep."
"1291","p2","South Sudan_1990","L","South Sudan"
"1292","p2","Syrian Arab Republic_1990","L","Syrian Arab Republic"
"1293","p2","Gambia, The_1991","L","Gambia, The"
"1294","p2","Guinea-Bissau_1991","L","Guinea-Bissau"
"1295","p2","Korea, Dem. People's Rep._1991","L","Korea, Dem. People's Rep."
"1296","p2","South Sudan_1991","L","South Sudan"
"1297","p2","Syrian Arab Republic_1991","L","Syrian Arab Republic"
"1298","p2","Gambia, The_1992","L","Gambia, The"
"1299","p2","Guinea-Bissau_1992","L","Guinea-Bissau"
"1300","p2","Korea, Dem. People's Rep._1992","L","Korea, Dem. People's Rep."
"1301","p2","South Sudan_1992","L","South Sudan"
"1302","p2","Syrian Arab Republic_1992","L","Syrian Arab Republic"
"1303","p2","Gambia, The_1993","L","Gambia, The"
"1304","p2","Guinea-Bissau_1993","L","Guinea-Bissau"
"1305","p2","Korea, Dem. People's Rep._1993","L","Korea, Dem. People's Rep."
"1306","p2","South Sudan_1993","L","South Sudan"
"1307","p2","Syrian Arab Republic_1993","L","Syrian Arab Republic"
"1308","p2","Gambia, The_1994","L","Gambia, The"
"1309","p2","Guinea-Bissau_1994","L","Guinea-Bissau"
"1310","p2","Korea, Dem. People's Rep._1994","L","Korea, Dem. People's Rep."
"1311","p2","South Sudan_1994","L","South Sudan"
"1312","p2","Syrian Arab Republic_1994","L","Syrian Arab Republic"
"1313","p2","Gambia, The_1995","L","Gambia, The"
"1314","p2","Guinea-Bissau_1995","L","Guinea-Bissau"
"1315","p2","Korea, Dem. People's Rep._1995","L","Korea, Dem. People's Rep."
"1316","p2","South Sudan_1995","L","South Sudan"
"1317","p2","Syrian Arab Republic_1995","L","Syrian Arab Republic"
"1318","p2","Gambia, The_1996","L","Gambia, The"
"1319","p2","Guinea-Bissau_1996","L","Guinea-Bissau"
"1320","p2","Korea, Dem. People's Rep._1996","L","Korea, Dem. People's Rep."
"1321","p2","South Sudan_1996","L","South Sudan"
"1322","p2","Syrian Arab Republic_1996","L","Syrian Arab Republic"
"1323","p2","Gambia, The_1997","L","Gambia, The"
"1324","p2","Guinea-Bissau_1997","L","Guinea-Bissau"
"1325","p2","Korea, Dem. People's Rep._1997","L","Korea, Dem. People's Rep."
"1326","p2","South Sudan_1997","L","South Sudan"
"1327","p2","Syrian Arab Republic_1997","L","Syrian Arab Republic"
"1328","p2","Gambia, The_1998","L","Gambia, The"
"1329","p2","Guinea-Bissau_1998","L","Guinea-Bissau"
"1330","p2","Korea, Dem. People's Rep._1998","L","Korea, Dem. People's Rep."
"1331","p2","South Sudan_1998","L","South Sudan"
"1332","p2","Syrian Arab Republic_1998","L","Syrian Arab Republic"
"1333","p2","Gambia, The_1999","L","Gambia, The"
"1334","p2","Guinea-Bissau_1999","L","Guinea-Bissau"
"1335","p2","Korea, Dem. People's Rep._1999","L","Korea, Dem. People's Rep."
"1336","p2","South Sudan_1999","L","South Sudan"
"1337","p2","Syrian Arab Republic_1999","L","Syrian Arab Republic"
"1338","p2","Gambia, The_2000","L","Gambia, The"
"1339","p2","Guinea-Bissau_2000","L","Guinea-Bissau"
"1340","p2","Korea, Dem. People's Rep._2000","L","Korea, Dem. People's Rep."
"1341","p2","South Sudan_2000","L","South Sudan"
"1342","p2","Syrian Arab Republic_2000","L","Syrian Arab Republic"
"1343","p2","Gambia, The_2001","L","Gambia, The"
"1344","p2","Guinea-Bissau_2001","L","Guinea-Bissau"
"1345","p2","Korea, Dem. People's Rep._2001","L","Korea, Dem. People's Rep."
"1346","p2","South Sudan_2001","L","South Sudan"
"1347","p2","Syrian Arab Republic_2001","L","Syrian Arab Republic"
"1348","p2","Gambia, The_2002","L","Gambia, The"
"1349","p2","Guinea-Bissau_2002","L","Guinea-Bissau"
"1350","p2","Korea, Dem. People's Rep._2002","L","Korea, Dem. People's Rep."
"1351","p2","South Sudan_2002","L","South Sudan"
"1352","p2","Syrian Arab Republic_2002","L","Syrian Arab Republic"
"1353","p2","Gambia, The_2003","L","Gambia, The"
"1354","p2","Guinea-Bissau_2003","L","Guinea-Bissau"
"1355","p2","Korea, Dem. People's Rep._2003","L","Korea, Dem. People's Rep."
"1356","p2","South Sudan_2003","L","South Sudan"
"1357","p2","Syrian Arab Republic_2003","L","Syrian Arab Republic"
"1358","p2","Gambia, The_2004","L","Gambia, The"
"1359","p2","Guinea-Bissau_2004","L","Guinea-Bissau"
"1360","p2","Korea, Dem. People's Rep._2004","L","Korea, Dem. People's Rep."
"1361","p2","South Sudan_2004","L","South Sudan"
"1362","p2","Syrian Arab Republic_2004","L","Syrian Arab Republic"
"1363","p2","Gambia, The_2005","L","Gambia, The"
"1364","p2","Guinea-Bissau_2005","L","Guinea-Bissau"
"1365","p2","Korea, Dem. People's Rep._2005","L","Korea, Dem. People's Rep."
"1366","p2","South Sudan_2005","L","South Sudan"
"1367","p2","Syrian Arab Republic_2005","L","Syrian Arab Republic"
"1368","p2","Gambia, The_2006","L","Gambia, The"
"1369","p2","Guinea-Bissau_2006","L","Guinea-Bissau"
"1370","p2","Korea, Dem. People's Rep._2006","L","Korea, Dem. People's Rep."
"1371","p2","South Sudan_2006","L","South Sudan"
"1372","p2","Syrian Arab Republic_2006","L","Syrian Arab Republic"
"1373","p2","Gambia, The_2007","L","Gambia, The"
"1374","p2","Guinea-Bissau_2007","L","Guinea-Bissau"
"1375","p2","Korea, Dem. People's Rep._2007","L","Korea, Dem. People's Rep."
"1376","p2","South Sudan_2007","L","South Sudan"
"1377","p2","Syrian Arab Republic_2007","L","Syrian Arab Republic"
"1378","p2","Gambia, The_2008","L","Gambia, The"
"1379","p2","Guinea-Bissau_2008","L","Guinea-Bissau"
"1380","p2","Korea, Dem. People's Rep._2008","L","Korea, Dem. People's Rep."
"1381","p2","South Sudan_2008","L","South Sudan"
"1382","p2","Syrian Arab Republic_2008","L","Syrian Arab Republic"
"1383","p2","Gambia, The_2009","L","Gambia, The"
"1384","p2","Guinea-Bissau_2009","L","Guinea-Bissau"
"1385","p2","Korea, Dem. People's Rep._2009","L","Korea, Dem. People's Rep."
"1386","p2","South Sudan_2009","L","South Sudan"
"1387","p2","Syrian Arab Republic_2009","L","Syrian Arab Republic"
"1388","p2","Gambia, The_2010","L","Gambia, The"
"1389","p2","Guinea-Bissau_2010","L","Guinea-Bissau"
"1390","p2","Korea, Dem. People's Rep._2010","L","Korea, Dem. People's Rep."
"1391","p2","South Sudan_2010","L","South Sudan"
"1392","p2","Syrian Arab Republic_2010","L","Syrian Arab Republic"
"1393","p2","Gambia, The_2011","L","Gambia, The"
"1394","p2","Guinea-Bissau_2011","L","Guinea-Bissau"
"1395","p2","South Sudan_2011","L","South Sudan"
"1396","p2","Syrian Arab Republic_2011","L","Syrian Arab Republic"
"1397","p2","Gambia, The_2012","L","Gambia, The"
"1398","p2","Guinea-Bissau_2012","L","Guinea-Bissau"
"1399","p2","South Sudan_2012","L","South Sudan"
"1400","p2","Syrian Arab Republic_2012","L","Syrian Arab Republic"
"1401","p2","Gambia, The_2013","L","Gambia, The"
"1402","p2","Guinea-Bissau_2013","L","Guinea-Bissau"
"1403","p2","South Sudan_2013","L","South Sudan"
"1404","p2","Gambia, The_2014","L","Gambia, The"
"1405","p2","Guinea-Bissau_2014","L","Guinea-Bissau"
"1406","p2","South Sudan_2014","L","South Sudan"
"1407","p2","Gambia, The_2015","L","Gambia, The"
"1408","p2","Guinea-Bissau_2015","L","Guinea-Bissau"
"1409","p2","South Sudan_2015","L","South Sudan"
"1410","p2","Syrian Arab Republic_2015","L","Syrian Arab Republic"
"1411","p2","Gambia, The_2016","L","Gambia, The"
"1412","p2","Guinea-Bissau_2016","L","Guinea-Bissau"
"1413","p2","South Sudan_2016","L","South Sudan"
"1414","p2","Syrian Arab Republic_2016","L","Syrian Arab Republic"
"1415","p2","Gambia, The_2017","L","Gambia, The"
"1416","p2","Guinea-Bissau_2017","L","Guinea-Bissau"
"1417","p2","South Sudan_2017","L","South Sudan"
"1418","p2","Syrian Arab Republic_2017","L","Syrian Arab Republic"
"1419","p2","Gambia, The_2018","L","Gambia, The"
"1420","p2","Guinea-Bissau_2018","L","Guinea-Bissau"
"1421","p2","South Sudan_2018","L","South Sudan"
"1422","p2","Syrian Arab Republic_2018","L","Syrian Arab Republic"
"1423","p2","Gambia, The_2019","L","Gambia, The"
"1424","p2","Guinea-Bissau_2019","L","Guinea-Bissau"
"1425","p2","South Sudan_2019","L","South Sudan"
"1426","p2","Syrian Arab Republic_2019","L","Syrian Arab Republic"
"1427","p3","Eritrea_1990","L","Eritrea"
"1428","p3","Gambia, The_1990","L","Gambia, The"
"1429","p3","Guinea-Bissau_1990","L","Guinea-Bissau"
"1430","p3","Liberia_1990","L","Liberia"
"1431","p3","Sierra Leone_1990","L","Sierra Leone"
"1432","p3","Eritrea_1991","L","Eritrea"
"1433","p3","Gambia, The_1991","L","Gambia, The"
"1434","p3","Guinea-Bissau_1991","L","Guinea-Bissau"
"1435","p3","Liberia_1991","L","Liberia"
"1436","p3","Sierra Leone_1991","L","Sierra Leone"
"1437","p3","Eritrea_1992","L","Eritrea"
"1438","p3","Gambia, The_1992","L","Gambia, The"
"1439","p3","Guinea-Bissau_1992","L","Guinea-Bissau"
"1440","p3","Liberia_1992","L","Liberia"
"1441","p3","Sierra Leone_1992","L","Sierra Leone"
"1442","p3","Eritrea_1993","L","Eritrea"
"1443","p3","Gambia, The_1993","L","Gambia, The"
"1444","p3","Guinea-Bissau_1993","L","Guinea-Bissau"
"1445","p3","Liberia_1993","L","Liberia"
"1446","p3","Sierra Leone_1993","L","Sierra Leone"
"1447","p3","Eritrea_1994","L","Eritrea"
"1448","p3","Gambia, The_1994","L","Gambia, The"
"1449","p3","Guinea-Bissau_1994","L","Guinea-Bissau"
"1450","p3","Liberia_1994","L","Liberia"
"1451","p3","Rwanda_1994","L","Rwanda"
"1452","p3","Eritrea_1995","L","Eritrea"
"1453","p3","Guinea-Bissau_1995","L","Guinea-Bissau"
"1454","p3","Liberia_1995","L","Liberia"
"1455","p3","Eritrea_1996","L","Eritrea"
"1456","p3","Guinea-Bissau_1996","L","Guinea-Bissau"
"1457","p3","Liberia_1996","L","Liberia"
"1458","p3","Eritrea_1997","L","Eritrea"
"1459","p3","Guinea-Bissau_1997","L","Guinea-Bissau"
"1460","p3","Liberia_1997","L","Liberia"
"1461","p3","Syrian Arab Republic_1997","L","Syrian Arab Republic"
"1462","p3","Eritrea_1998","L","Eritrea"
"1463","p3","Guinea-Bissau_1998","L","Guinea-Bissau"
"1464","p3","Liberia_1998","L","Liberia"
"1465","p3","Sierra Leone_1998","L","Sierra Leone"
"1466","p3","Syrian Arab Republic_1998","L","Syrian Arab Republic"
"1467","p3","Eritrea_1999","L","Eritrea"
"1468","p3","Guinea-Bissau_1999","L","Guinea-Bissau"
"1469","p3","Liberia_1999","L","Liberia"
"1470","p3","Sierra Leone_1999","L","Sierra Leone"
"1471","p3","Syrian Arab Republic_1999","L","Syrian Arab Republic"
"1472","p3","Eritrea_2000","L","Eritrea"
"1473","p3","Gambia, The_2000","L","Gambia, The"
"1474","p3","Guinea-Bissau_2000","L","Guinea-Bissau"
"1475","p3","Sierra Leone_2000","L","Sierra Leone"
"1476","p3","Syrian Arab Republic_2000","L","Syrian Arab Republic"
"1477","p3","Eritrea_2001","L","Eritrea"
"1478","p3","Gambia, The_2001","L","Gambia, The"
"1479","p3","Guinea-Bissau_2001","L","Guinea-Bissau"
"1480","p3","Syrian Arab Republic_2001","L","Syrian Arab Republic"
"1481","p3","Eritrea_2002","L","Eritrea"
"1482","p3","Gambia, The_2002","L","Gambia, The"
"1483","p3","Guinea-Bissau_2002","L","Guinea-Bissau"
"1484","p3","Syrian Arab Republic_2002","L","Syrian Arab Republic"
"1485","p3","Gambia, The_2003","L","Gambia, The"
"1486","p3","Guinea-Bissau_2003","L","Guinea-Bissau"
"1487","p3","Liberia_2003","L","Liberia"
"1488","p3","Syrian Arab Republic_2003","L","Syrian Arab Republic"
"1489","p3","Guinea-Bissau_2004","L","Guinea-Bissau"
"1490","p3","Syrian Arab Republic_2004","L","Syrian Arab Republic"
"1491","p3","Guinea-Bissau_2005","L","Guinea-Bissau"
"1492","p3","Syrian Arab Republic_2005","L","Syrian Arab Republic"
"1493","p3","Guinea-Bissau_2006","L","Guinea-Bissau"
"1494","p3","Syrian Arab Republic_2006","L","Syrian Arab Republic"
"1495","p3","Guinea-Bissau_2007","L","Guinea-Bissau"
"1496","p3","Syrian Arab Republic_2007","L","Syrian Arab Republic"
"1497","p3","Syrian Arab Republic_2008","L","Syrian Arab Republic"
"1498","p3","Syrian Arab Republic_2009","L","Syrian Arab Republic"
"1499","p3","Syrian Arab Republic_2010","L","Syrian Arab Republic"
"1500","p3","Syrian Arab Republic_2011","L","Syrian Arab Republic"
"1501","p3","Ethiopia_2016","L","Ethiopia"
"1502","p3","Ethiopia_2017","L","Ethiopia"
"1503","p3","Ethiopia_2018","L","Ethiopia"
"1504","p3","Ethiopia_2019","L","Ethiopia"
"1505","p4","Guinea-Bissau_1990","L","Guinea-Bissau"
"1506","p4","Liberia_1990","L","Liberia"
"1507","p4","Korea, Dem. People's Rep._1990","L","Korea, Dem. People's Rep."
"1508","p4","Guinea-Bissau_1991","L","Guinea-Bissau"
"1509","p4","Liberia_1991","L","Liberia"
"1510","p4","Korea, Dem. People's Rep._1991","L","Korea, Dem. People's Rep."
"1511","p4","Guinea-Bissau_1992","L","Guinea-Bissau"
"1512","p4","Liberia_1992","L","Liberia"
"1513","p4","Korea, Dem. People's Rep._1992","L","Korea, Dem. People's Rep."
"1514","p4","Guinea-Bissau_1993","L","Guinea-Bissau"
"1515","p4","Liberia_1993","L","Liberia"
"1516","p4","Korea, Dem. People's Rep._1993","L","Korea, Dem. People's Rep."
"1517","p4","Guinea-Bissau_1994","L","Guinea-Bissau"
"1518","p4","Liberia_1994","L","Liberia"
"1519","p4","Korea, Dem. People's Rep._1994","L","Korea, Dem. People's Rep."
"1520","p4","Guinea-Bissau_1995","L","Guinea-Bissau"
"1521","p4","Liberia_1995","L","Liberia"
"1522","p4","Korea, Dem. People's Rep._1995","L","Korea, Dem. People's Rep."
"1523","p4","Rwanda_1995","L","Rwanda"
"1524","p4","Guinea-Bissau_1996","L","Guinea-Bissau"
"1525","p4","Liberia_1996","L","Liberia"
"1526","p4","Guinea-Bissau_1997","L","Guinea-Bissau"
"1527","p4","Liberia_1997","L","Liberia"
"1528","p4","Guinea-Bissau_1998","L","Guinea-Bissau"
"1529","p4","Liberia_1998","L","Liberia"
"1530","p4","Guinea-Bissau_1999","L","Guinea-Bissau"
"1531","p4","Liberia_1999","L","Liberia"
"1532","p4","Guinea-Bissau_2000","L","Guinea-Bissau"
"1533","p4","Liberia_2000","L","Liberia"
"1534","p4","Guinea-Bissau_2001","L","Guinea-Bissau"
"1535","p4","Liberia_2001","L","Liberia"
"1536","p4","Gambia, The_2002","L","Gambia, The"
"1537","p4","Guinea-Bissau_2002","L","Guinea-Bissau"
"1538","p4","Liberia_2002","L","Liberia"
"1539","p4","Gambia, The_2003","L","Gambia, The"
"1540","p4","Guinea-Bissau_2003","L","Guinea-Bissau"
"1541","p4","Liberia_2003","L","Liberia"
"1542","p4","Gambia, The_2004","L","Gambia, The"
"1543","p4","Guinea-Bissau_2004","L","Guinea-Bissau"
"1544","p4","Liberia_2004","L","Liberia"
"1545","p4","Gambia, The_2005","L","Gambia, The"
"1546","p4","Guinea-Bissau_2005","L","Guinea-Bissau"
"1547","p4","Liberia_2005","L","Liberia"
"1548","p4","Syrian Arab Republic_2005","L","Syrian Arab Republic"
"1549","p4","Gambia, The_2006","L","Gambia, The"
"1550","p4","Liberia_2006","L","Liberia"
"1551","p4","Korea, Dem. People's Rep._2006","L","Korea, Dem. People's Rep."
"1552","p4","Syrian Arab Republic_2006","L","Syrian Arab Republic"
"1553","p4","Ethiopia_2007","L","Ethiopia"
"1554","p4","Gambia, The_2007","L","Gambia, The"
"1555","p4","Liberia_2007","L","Liberia"
"1556","p4","Syrian Arab Republic_2007","L","Syrian Arab Republic"
"1557","p4","Ethiopia_2008","L","Ethiopia"
"1558","p4","Gambia, The_2008","L","Gambia, The"
"1559","p4","Guinea-Bissau_2008","L","Guinea-Bissau"
"1560","p4","Liberia_2008","L","Liberia"
"1561","p4","Syrian Arab Republic_2008","L","Syrian Arab Republic"
"1562","p4","Ethiopia_2009","L","Ethiopia"
"1563","p4","Liberia_2009","L","Liberia"
"1564","p4","Syrian Arab Republic_2009","L","Syrian Arab Republic"
"1565","p4","Ethiopia_2010","L","Ethiopia"
"1566","p4","Liberia_2010","L","Liberia"
"1567","p4","Syrian Arab Republic_2010","L","Syrian Arab Republic"
"1568","p4","Ethiopia_2011","L","Ethiopia"
"1569","p4","Gambia, The_2011","L","Gambia, The"
"1570","p4","Liberia_2011","L","Liberia"
"1571","p4","Syrian Arab Republic_2011","L","Syrian Arab Republic"
"1572","p4","Ethiopia_2012","L","Ethiopia"
"1573","p4","Liberia_2012","L","Liberia"
"1574","p4","Ethiopia_2013","L","Ethiopia"
"1575","p4","Liberia_2013","L","Liberia"
"1576","p4","Ethiopia_2014","L","Ethiopia"
"1577","p4","Ethiopia_2015","L","Ethiopia"
"1578","p4","Ethiopia_2016","L","Ethiopia"
"1579","p4","Ethiopia_2017","L","Ethiopia"
"1580","p4","Ethiopia_2018","L","Ethiopia"
"1581","p4","Ethiopia_2019","L","Ethiopia"
"1582","p5","Liberia_1990","L","Liberia"
"1583","p5","Korea, Dem. People's Rep._1990","L","Korea, Dem. People's Rep."
"1584","p5","Rwanda_1990","L","Rwanda"
"1585","p5","Syrian Arab Republic_1990","L","Syrian Arab Republic"
"1586","p5","Gambia, The_1991","L","Gambia, The"
"1587","p5","Liberia_1991","L","Liberia"
"1588","p5","Korea, Dem. People's Rep._1991","L","Korea, Dem. People's Rep."
"1589","p5","Rwanda_1991","L","Rwanda"
"1590","p5","Syrian Arab Republic_1991","L","Syrian Arab Republic"
"1591","p5","Gambia, The_1992","L","Gambia, The"
"1592","p5","Liberia_1992","L","Liberia"
"1593","p5","Korea, Dem. People's Rep._1992","L","Korea, Dem. People's Rep."
"1594","p5","Rwanda_1992","L","Rwanda"
"1595","p5","Syrian Arab Republic_1992","L","Syrian Arab Republic"
"1596","p5","Gambia, The_1993","L","Gambia, The"
"1597","p5","Liberia_1993","L","Liberia"
"1598","p5","Korea, Dem. People's Rep._1993","L","Korea, Dem. People's Rep."
"1599","p5","Rwanda_1993","L","Rwanda"
"1600","p5","Syrian Arab Republic_1993","L","Syrian Arab Republic"
"1601","p5","Gambia, The_1994","L","Gambia, The"
"1602","p5","Liberia_1994","L","Liberia"
"1603","p5","Korea, Dem. People's Rep._1994","L","Korea, Dem. People's Rep."
"1604","p5","Syrian Arab Republic_1994","L","Syrian Arab Republic"
"1605","p5","Gambia, The_1995","L","Gambia, The"
"1606","p5","Liberia_1995","L","Liberia"
"1607","p5","Korea, Dem. People's Rep._1995","L","Korea, Dem. People's Rep."
"1608","p5","Syrian Arab Republic_1995","L","Syrian Arab Republic"
"1609","p5","Gambia, The_1996","L","Gambia, The"
"1610","p5","Liberia_1996","L","Liberia"
"1611","p5","Korea, Dem. People's Rep._1996","L","Korea, Dem. People's Rep."
"1612","p5","Syrian Arab Republic_1996","L","Syrian Arab Republic"
"1613","p5","Gambia, The_1997","L","Gambia, The"
"1614","p5","Liberia_1997","L","Liberia"
"1615","p5","Korea, Dem. People's Rep._1997","L","Korea, Dem. People's Rep."
"1616","p5","Syrian Arab Republic_1997","L","Syrian Arab Republic"
"1617","p5","Gambia, The_1998","L","Gambia, The"
"1618","p5","Liberia_1998","L","Liberia"
"1619","p5","Korea, Dem. People's Rep._1998","L","Korea, Dem. People's Rep."
"1620","p5","Syrian Arab Republic_1998","L","Syrian Arab Republic"
"1621","p5","Gambia, The_1999","L","Gambia, The"
"1622","p5","Liberia_1999","L","Liberia"
"1623","p5","Korea, Dem. People's Rep._1999","L","Korea, Dem. People's Rep."
"1624","p5","Syrian Arab Republic_1999","L","Syrian Arab Republic"
"1625","p5","Gambia, The_2000","L","Gambia, The"
"1626","p5","Liberia_2000","L","Liberia"
"1627","p5","Korea, Dem. People's Rep._2000","L","Korea, Dem. People's Rep."
"1628","p5","Syrian Arab Republic_2000","L","Syrian Arab Republic"
"1629","p5","Gambia, The_2001","L","Gambia, The"
"1630","p5","Liberia_2001","L","Liberia"
"1631","p5","Korea, Dem. People's Rep._2001","L","Korea, Dem. People's Rep."
"1632","p5","Syrian Arab Republic_2001","L","Syrian Arab Republic"
"1633","p5","Gambia, The_2002","L","Gambia, The"
"1634","p5","Liberia_2002","L","Liberia"
"1635","p5","Korea, Dem. People's Rep._2002","L","Korea, Dem. People's Rep."
"1636","p5","Syrian Arab Republic_2002","L","Syrian Arab Republic"
"1637","p5","Gambia, The_2003","L","Gambia, The"
"1638","p5","Liberia_2003","L","Liberia"
"1639","p5","Korea, Dem. People's Rep._2003","L","Korea, Dem. People's Rep."
"1640","p5","Syrian Arab Republic_2003","L","Syrian Arab Republic"
"1641","p5","Gambia, The_2004","L","Gambia, The"
"1642","p5","Liberia_2004","L","Liberia"
"1643","p5","Korea, Dem. People's Rep._2004","L","Korea, Dem. People's Rep."
"1644","p5","Syrian Arab Republic_2004","L","Syrian Arab Republic"
"1645","p5","Gambia, The_2005","L","Gambia, The"
"1646","p5","Liberia_2005","L","Liberia"
"1647","p5","Korea, Dem. People's Rep._2005","L","Korea, Dem. People's Rep."
"1648","p5","Syrian Arab Republic_2005","L","Syrian Arab Republic"
"1649","p5","Gambia, The_2006","L","Gambia, The"
"1650","p5","Liberia_2006","L","Liberia"
"1651","p5","Korea, Dem. People's Rep._2006","L","Korea, Dem. People's Rep."
"1652","p5","Syrian Arab Republic_2006","L","Syrian Arab Republic"
"1653","p5","Gambia, The_2007","L","Gambia, The"
"1654","p5","Guinea-Bissau_2007","L","Guinea-Bissau"
"1655","p5","Liberia_2007","L","Liberia"
"1656","p5","Korea, Dem. People's Rep._2007","L","Korea, Dem. People's Rep."
"1657","p5","Syrian Arab Republic_2007","L","Syrian Arab Republic"
"1658","p5","Congo, Dem. Rep._2008","L","Congo, Dem. Rep."
"1659","p5","Gambia, The_2008","L","Gambia, The"
"1660","p5","Guinea-Bissau_2008","L","Guinea-Bissau"
"1661","p5","Liberia_2008","L","Liberia"
"1662","p5","Korea, Dem. People's Rep._2008","L","Korea, Dem. People's Rep."
"1663","p5","Syrian Arab Republic_2008","L","Syrian Arab Republic"
"1664","p5","Central African Republic_2009","L","Central African Republic"
"1665","p5","Congo, Dem. Rep._2009","L","Congo, Dem. Rep."
"1666","p5","Gambia, The_2009","L","Gambia, The"
"1667","p5","Guinea-Bissau_2009","L","Guinea-Bissau"
"1668","p5","Liberia_2009","L","Liberia"
"1669","p5","Korea, Dem. People's Rep._2009","L","Korea, Dem. People's Rep."
"1670","p5","Syrian Arab Republic_2009","L","Syrian Arab Republic"
"1671","p5","Central African Republic_2010","L","Central African Republic"
"1672","p5","Congo, Dem. Rep._2010","L","Congo, Dem. Rep."
"1673","p5","Gambia, The_2010","L","Gambia, The"
"1674","p5","Guinea-Bissau_2010","L","Guinea-Bissau"
"1675","p5","Liberia_2010","L","Liberia"
"1676","p5","Korea, Dem. People's Rep._2010","L","Korea, Dem. People's Rep."
"1677","p5","Sierra Leone_2010","L","Sierra Leone"
"1678","p5","Somalia_2010","L","Somalia"
"1679","p5","Syrian Arab Republic_2010","L","Syrian Arab Republic"
"1680","p5","Central African Republic_2011","L","Central African Republic"
"1681","p5","Congo, Dem. Rep._2011","L","Congo, Dem. Rep."
"1682","p5","Gambia, The_2011","L","Gambia, The"
"1683","p5","Guinea-Bissau_2011","L","Guinea-Bissau"
"1684","p5","Liberia_2011","L","Liberia"
"1685","p5","Korea, Dem. People's Rep._2011","L","Korea, Dem. People's Rep."
"1686","p5","Sierra Leone_2011","L","Sierra Leone"
"1687","p5","Somalia_2011","L","Somalia"
"1688","p5","Syrian Arab Republic_2011","L","Syrian Arab Republic"
"1689","p5","Central African Republic_2012","L","Central African Republic"
"1690","p5","Congo, Dem. Rep._2012","L","Congo, Dem. Rep."
"1691","p5","Gambia, The_2012","L","Gambia, The"
"1692","p5","Guinea-Bissau_2012","L","Guinea-Bissau"
"1693","p5","Liberia_2012","L","Liberia"
"1694","p5","Korea, Dem. People's Rep._2012","L","Korea, Dem. People's Rep."
"1695","p5","Sierra Leone_2012","L","Sierra Leone"
"1696","p5","Somalia_2012","L","Somalia"
"1697","p5","Syrian Arab Republic_2012","L","Syrian Arab Republic"
"1698","p5","Central African Republic_2013","L","Central African Republic"
"1699","p5","Congo, Dem. Rep._2013","L","Congo, Dem. Rep."
"1700","p5","Gambia, The_2013","L","Gambia, The"
"1701","p5","Guinea-Bissau_2013","L","Guinea-Bissau"
"1702","p5","Liberia_2013","L","Liberia"
"1703","p5","Korea, Dem. People's Rep._2013","L","Korea, Dem. People's Rep."
"1704","p5","Sierra Leone_2013","L","Sierra Leone"
"1705","p5","Somalia_2013","L","Somalia"
"1706","p5","Syrian Arab Republic_2013","L","Syrian Arab Republic"
"1707","p5","Central African Republic_2014","L","Central African Republic"
"1708","p5","Congo, Dem. Rep._2014","L","Congo, Dem. Rep."
"1709","p5","Gambia, The_2014","L","Gambia, The"
"1710","p5","Guinea-Bissau_2014","L","Guinea-Bissau"
"1711","p5","Liberia_2014","L","Liberia"
"1712","p5","Mali_2014","L","Mali"
"1713","p5","Korea, Dem. People's Rep._2014","L","Korea, Dem. People's Rep."
"1714","p5","Sierra Leone_2014","L","Sierra Leone"
"1715","p5","Somalia_2014","L","Somalia"
"1716","p5","Syrian Arab Republic_2014","L","Syrian Arab Republic"
"1717","p5","Central African Republic_2015","L","Central African Republic"
"1718","p5","Congo, Dem. Rep._2015","L","Congo, Dem. Rep."
"1719","p5","Gambia, The_2015","L","Gambia, The"
"1720","p5","Guinea-Bissau_2015","L","Guinea-Bissau"
"1721","p5","Liberia_2015","L","Liberia"
"1722","p5","Mali_2015","L","Mali"
"1723","p5","Korea, Dem. People's Rep._2015","L","Korea, Dem. People's Rep."
"1724","p5","Sierra Leone_2015","L","Sierra Leone"
"1725","p5","Somalia_2015","L","Somalia"
"1726","p5","Syrian Arab Republic_2015","L","Syrian Arab Republic"
"1727","p5","Central African Republic_2016","L","Central African Republic"
"1728","p5","Congo, Dem. Rep._2016","L","Congo, Dem. Rep."
"1729","p5","Eritrea_2016","L","Eritrea"
"1730","p5","Gambia, The_2016","L","Gambia, The"
"1731","p5","Guinea-Bissau_2016","L","Guinea-Bissau"
"1732","p5","Liberia_2016","L","Liberia"
"1733","p5","Mali_2016","L","Mali"
"1734","p5","Korea, Dem. People's Rep._2016","L","Korea, Dem. People's Rep."
"1735","p5","Sierra Leone_2016","L","Sierra Leone"
"1736","p5","Somalia_2016","L","Somalia"
"1737","p5","Syrian Arab Republic_2016","L","Syrian Arab Republic"
"1738","p5","Central African Republic_2017","L","Central African Republic"
"1739","p5","Congo, Dem. Rep._2017","L","Congo, Dem. Rep."
"1740","p5","Eritrea_2017","L","Eritrea"
"1741","p5","Gambia, The_2017","L","Gambia, The"
"1742","p5","Guinea-Bissau_2017","L","Guinea-Bissau"
"1743","p5","Liberia_2017","L","Liberia"
"1744","p5","Mali_2017","L","Mali"
"1745","p5","Korea, Dem. People's Rep._2017","L","Korea, Dem. People's Rep."
"1746","p5","Sierra Leone_2017","L","Sierra Leone"
"1747","p5","Somalia_2017","L","Somalia"
"1748","p5","Syrian Arab Republic_2017","L","Syrian Arab Republic"
"1749","p5","Central African Republic_2018","L","Central African Republic"
"1750","p5","Congo, Dem. Rep._2018","L","Congo, Dem. Rep."
"1751","p5","Eritrea_2018","L","Eritrea"
"1752","p5","Gambia, The_2018","L","Gambia, The"
"1753","p5","Guinea-Bissau_2018","L","Guinea-Bissau"
"1754","p5","Liberia_2018","L","Liberia"
"1755","p5","Mali_2018","L","Mali"
"1756","p5","Korea, Dem. People's Rep._2018","L","Korea, Dem. People's Rep."
"1757","p5","Sierra Leone_2018","L","Sierra Leone"
"1758","p5","Somalia_2018","L","Somalia"
"1759","p5","Syrian Arab Republic_2018","L","Syrian Arab Republic"
"1760","p5","Central African Republic_2019","L","Central African Republic"
"1761","p5","Congo, Dem. Rep._2019","L","Congo, Dem. Rep."
"1762","p5","Eritrea_2019","L","Eritrea"
"1763","p5","Gambia, The_2019","L","Gambia, The"
"1764","p5","Guinea-Bissau_2019","L","Guinea-Bissau"
"1765","p5","Liberia_2019","L","Liberia"
"1766","p5","Mali_2019","L","Mali"
"1767","p5","Korea, Dem. People's Rep._2019","L","Korea, Dem. People's Rep."
"1768","p5","Sierra Leone_2019","L","Sierra Leone"
"1769","p5","Somalia_2019","L","Somalia"
"1770","p5","Syrian Arab Republic_2019","L","Syrian Arab Republic"
"1771","p6","Korea, Dem. People's Rep._1990","L","Korea, Dem. People's Rep."
"1772","p6","Yemen, Rep._1990","L","Yemen, Rep."
"1773","p6","Korea, Dem. People's Rep._1991","L","Korea, Dem. People's Rep."
"1774","p6","Yemen, Rep._1991","L","Yemen, Rep."
"1775","p6","Korea, Dem. People's Rep._1992","L","Korea, Dem. People's Rep."
"1776","p6","Yemen, Rep._1992","L","Yemen, Rep."
"1777","p6","Korea, Dem. People's Rep._1993","L","Korea, Dem. People's Rep."
"1778","p6","Yemen, Rep._1993","L","Yemen, Rep."
"1779","p6","Korea, Dem. People's Rep._1994","L","Korea, Dem. People's Rep."
"1780","p6","Yemen, Rep._1994","L","Yemen, Rep."
"1781","p6","Korea, Dem. People's Rep._1995","L","Korea, Dem. People's Rep."
"1782","p6","Rwanda_1995","L","Rwanda"
"1783","p6","Yemen, Rep._1995","L","Yemen, Rep."
"1784","p6","Korea, Dem. People's Rep._1996","L","Korea, Dem. People's Rep."
"1785","p6","Yemen, Rep._1996","L","Yemen, Rep."
"1786","p6","Korea, Dem. People's Rep._1997","L","Korea, Dem. People's Rep."
"1787","p6","Korea, Dem. People's Rep._1998","L","Korea, Dem. People's Rep."
"1788","p6","Korea, Dem. People's Rep._1999","L","Korea, Dem. People's Rep."
"1789","p6","Syrian Arab Republic_1999","L","Syrian Arab Republic"
"1790","p6","Korea, Dem. People's Rep._2000","L","Korea, Dem. People's Rep."
"1791","p6","Syrian Arab Republic_2000","L","Syrian Arab Republic"
"1792","p6","Korea, Dem. People's Rep._2001","L","Korea, Dem. People's Rep."
"1793","p6","Syrian Arab Republic_2001","L","Syrian Arab Republic"
"1794","p6","Korea, Dem. People's Rep._2002","L","Korea, Dem. People's Rep."
"1795","p6","Syrian Arab Republic_2002","L","Syrian Arab Republic"
"1796","p6","Korea, Dem. People's Rep._2003","L","Korea, Dem. People's Rep."
"1797","p6","Syrian Arab Republic_2003","L","Syrian Arab Republic"
"1798","p6","Korea, Dem. People's Rep._2004","L","Korea, Dem. People's Rep."
"1799","p6","Syrian Arab Republic_2004","L","Syrian Arab Republic"
"1800","p6","Korea, Dem. People's Rep._2005","L","Korea, Dem. People's Rep."
"1801","p6","Syrian Arab Republic_2005","L","Syrian Arab Republic"
"1802","p6","Korea, Dem. People's Rep._2006","L","Korea, Dem. People's Rep."
"1803","p6","Syrian Arab Republic_2006","L","Syrian Arab Republic"
"1804","p6","Korea, Dem. People's Rep._2007","L","Korea, Dem. People's Rep."
"1805","p6","Syrian Arab Republic_2007","L","Syrian Arab Republic"
"1806","p6","Korea, Dem. People's Rep._2008","L","Korea, Dem. People's Rep."
"1807","p6","Syrian Arab Republic_2008","L","Syrian Arab Republic"
"1808","p6","Korea, Dem. People's Rep._2009","L","Korea, Dem. People's Rep."
"1809","p6","Syrian Arab Republic_2009","L","Syrian Arab Republic"
"1810","p6","Korea, Dem. People's Rep._2010","L","Korea, Dem. People's Rep."
"1811","p6","Syrian Arab Republic_2010","L","Syrian Arab Republic"
"1812","p6","Korea, Dem. People's Rep._2011","L","Korea, Dem. People's Rep."
"1813","p6","Syrian Arab Republic_2011","L","Syrian Arab Republic"
"1814","p6","Korea, Dem. People's Rep._2012","L","Korea, Dem. People's Rep."
"1815","p6","Rwanda_2012","L","Rwanda"
"1816","p6","Syrian Arab Republic_2012","L","Syrian Arab Republic"
"1817","p6","Korea, Dem. People's Rep._2013","L","Korea, Dem. People's Rep."
"1818","p6","Rwanda_2013","L","Rwanda"
"1819","p6","Syrian Arab Republic_2013","L","Syrian Arab Republic"
"1820","p6","Madagascar_2014","L","Madagascar"
"1821","p6","Korea, Dem. People's Rep._2014","L","Korea, Dem. People's Rep."
"1822","p6","Rwanda_2014","L","Rwanda"
"1823","p6","Syrian Arab Republic_2014","L","Syrian Arab Republic"
"1824","p6","Madagascar_2015","L","Madagascar"
"1825","p6","Korea, Dem. People's Rep._2015","L","Korea, Dem. People's Rep."
"1826","p6","Rwanda_2015","L","Rwanda"
"1827","p6","Syrian Arab Republic_2015","L","Syrian Arab Republic"
"1828","p6","Yemen, Rep._2015","L","Yemen, Rep."
"1829","p6","Madagascar_2016","L","Madagascar"
"1830","p6","Korea, Dem. People's Rep._2016","L","Korea, Dem. People's Rep."
"1831","p6","Rwanda_2016","L","Rwanda"
"1832","p6","Sierra Leone_2016","L","Sierra Leone"
"1833","p6","Syrian Arab Republic_2016","L","Syrian Arab Republic"
"1834","p6","Yemen, Rep._2016","L","Yemen, Rep."
"1835","p6","Ethiopia_2017","L","Ethiopia"
"1836","p6","Madagascar_2017","L","Madagascar"
"1837","p6","Korea, Dem. People's Rep._2017","L","Korea, Dem. People's Rep."
"1838","p6","Rwanda_2017","L","Rwanda"
"1839","p6","Sierra Leone_2017","L","Sierra Leone"
"1840","p6","Syrian Arab Republic_2017","L","Syrian Arab Republic"
"1841","p6","Yemen, Rep._2017","L","Yemen, Rep."
"1842","p6","Eritrea_2018","L","Eritrea"
"1843","p6","Ethiopia_2018","L","Ethiopia"
"1844","p6","Madagascar_2018","L","Madagascar"
"1845","p6","Korea, Dem. People's Rep._2018","L","Korea, Dem. People's Rep."
"1846","p6","Rwanda_2018","L","Rwanda"
"1847","p6","Sierra Leone_2018","L","Sierra Leone"
"1848","p6","Syrian Arab Republic_2018","L","Syrian Arab Republic"
"1849","p6","Yemen, Rep._2018","L","Yemen, Rep."
"1850","p6","Eritrea_2019","L","Eritrea"
"1851","p6","Ethiopia_2019","L","Ethiopia"
"1852","p6","Guinea-Bissau_2019","L","Guinea-Bissau"
"1853","p6","Madagascar_2019","L","Madagascar"
"1854","p6","Korea, Dem. People's Rep._2019","L","Korea, Dem. People's Rep."
"1855","p6","Rwanda_2019","L","Rwanda"
"1856","p6","Sierra Leone_2019","L","Sierra Leone"
"1857","p6","Syrian Arab Republic_2019","L","Syrian Arab Republic"
"1858","p6","Yemen, Rep._2019","L","Yemen, Rep."
